City_ID,City,Country,Lat,Lng,Max Temp,Humidity,Cloudiness,Wind Speed,Current Description,Rain inches (last 3 hours),Snow inches (last 3 hours)
0,Puerto Ayora,EC,-0.7393,-90.3518,78.76,77,35,9.75,scattered clouds,0,0
1,Bredasdorp,ZA,-34.5322,20.0403,54.84,86,99,2.98,overcast clouds,0,0
2,Ushuaia,AR,-54.8,-68.3,42.46,75,40,32.21,scattered clouds,0,0
3,Bluff,NZ,-46.6,168.3333,49.8,88,100,2.13,moderate rain,0,0
4,Sitka,US,57.0531,-135.33,51.69,62,40,17.27,scattered clouds,0,0
5,Katobu,ID,-4.9408,122.5276,76.84,90,100,2.86,overcast clouds,0,0
6,Nikolskoye,RU,59.7035,30.7861,41.81,82,79,6.29,broken clouds,0,0
7,Upernavik,GL,72.7868,-56.1549,19.51,80,73,6.53,broken clouds,0,0
8,Airai,TL,-8.9266,125.4092,58.53,90,55,4.14,broken clouds,0,0
9,Boa Vista,BR,2.8197,-60.6733,82.38,74,75,4.61,broken clouds,0,0
10,Ostersund,SE,63.1792,14.6357,37.85,70,20,5.75,few clouds,0,0
11,Castro,BR,-24.7911,-50.0119,56.46,85,2,4.68,clear sky,0,0
12,Provideniya,RU,64.3833,-173.3,32.9,93,87,10.16,overcast clouds,0,0
13,Sangar,RU,63.9242,127.4739,31.8,96,99,6.8,light snow,0,0
14,Te Anau,NZ,-45.4167,167.7167,49.17,91,100,0.78,light rain,0,0
15,Mar Del Plata,AR,-38.0023,-57.5575,71.62,68,0,18.41,clear sky,0,0
16,Punta Arenas,CL,-53.15,-70.9167,46.51,71,40,23.02,scattered clouds,0,0
17,Vaini,TO,-21.2,-175.2,77.16,69,20,10.36,few clouds,0,0
18,Rikitea,PF,-23.1203,-134.9692,76.37,77,87,20.45,overcast clouds,0,0
19,Tiksi,RU,71.6872,128.8694,4.39,98,89,4.54,overcast clouds,0,0
20,Northam,GB,51.0333,-4.2167,55.38,83,44,7.36,scattered clouds,0,0
21,Majdanpek,RS,44.4277,21.946,46.87,60,52,5.23,light rain,0,0
22,Debre Tabor,ET,11.85,38.0167,62.04,58,73,2.53,light rain,0,0
23,Port Alfred,ZA,-33.5906,26.891,58.17,91,98,3.0,overcast clouds,0,0
24,Jamestown,US,42.097,-79.2353,65.95,20,0,12.66,clear sky,0,0
25,Hermanus,ZA,-34.4187,19.2345,58.24,75,93,2.86,overcast clouds,0,0
26,Zykovo,RU,55.9519,93.1461,23.99,56,99,4.54,overcast clouds,0,0
27,Bengkulu,ID,-3.8004,102.2655,77.16,82,96,3.27,light rain,0,0
28,Batemans Bay,AU,-35.7167,150.1833,52.11,88,14,4.0,few clouds,0,0
29,Bonavista,CA,48.6499,-53.1147,34.11,70,3,8.93,clear sky,0,0
30,Georgetown,MY,5.4112,100.3354,82.33,93,20,3.44,moderate rain,0,0
31,Arlit,NE,18.7369,7.3853,93.87,16,99,8.77,overcast clouds,0,0
32,Albany,US,42.6001,-73.9662,64.89,25,100,3.0,overcast clouds,0,0
33,Kaduqli,SD,11.0167,29.7167,91.56,18,100,6.73,overcast clouds,0,0
34,Padang,ID,-0.9492,100.3543,78.35,82,98,3.24,overcast clouds,0,0
35,Cabo San Lucas,MX,22.8909,-109.9124,88.61,52,95,14.16,overcast clouds,0,0
36,Cape Town,ZA,-33.9258,18.4232,56.26,84,0,4.61,clear sky,0,0
37,Port Elizabeth,ZA,-33.918,25.5701,62.31,93,100,5.75,drizzle rain,0,0
38,Nome,US,64.5011,-165.4064,32.16,93,100,24.16,light snow,0,0
39,Mataura,NZ,-46.1927,168.8643,49.48,95,99,0.92,overcast clouds,0,0
40,Palmerston,AU,-12.486,130.9833,75.18,59,0,8.05,clear sky,0,0
41,Kruisfontein,ZA,-34.0033,24.7314,56.75,63,100,3.94,overcast clouds,0,0
42,Zahnitkiv,UA,48.0446,28.8958,53.15,49,89,4.0,overcast clouds,0,0
43,Pangody,RU,65.85,74.4859,34.61,100,100,11.36,overcast clouds,0,0
44,Faanui,PF,-16.4833,-151.75,82.09,75,0,12.03,light rain,0,0
45,Emba,KZ,48.8264,58.1442,53.33,35,94,17.4,overcast clouds,0,0
46,Souillac,MU,-20.5167,57.5167,75.58,88,20,3.44,few clouds,0,0
47,Kapaa,US,22.0752,-159.319,80.58,76,40,13.8,scattered clouds,0,0
48,Busselton,AU,-33.65,115.3333,55.62,82,1,2.62,clear sky,0,0
49,Butaritari,KI,3.0707,172.7902,82.0,79,11,17.0,few clouds,0,0
50,Namibe,AO,-15.1961,12.1522,73.22,64,0,8.5,clear sky,0,0
51,Hithadhoo,MV,-0.6,73.0833,82.96,79,100,17.56,overcast clouds,0,0
52,Saint-Philippe,RE,-21.3585,55.7679,71.19,84,39,7.85,scattered clouds,0,0
53,Luderitz,NA,-26.6481,15.1594,61.95,42,73,9.1,broken clouds,0,0
54,Manuk Mangkaw,PH,4.8,119.85,83.26,75,100,5.77,overcast clouds,0,0
55,Mount Gambier,AU,-37.8333,140.7667,40.91,100,100,5.75,overcast clouds,0,0
56,Qaanaaq,GL,77.484,-69.3632,25.02,78,100,1.61,overcast clouds,0,0
57,Kaitangata,NZ,-46.2817,169.8464,50.94,93,85,2.37,overcast clouds,0,0
58,Dumas,US,35.8656,-101.9732,87.94,13,0,12.66,clear sky,0,0
59,Tevriz,RU,57.509,72.4042,45.52,73,90,3.44,overcast clouds,0,0
60,Hobart,AU,-42.8794,147.3294,42.06,90,0,11.5,clear sky,0,0
61,Lahij,YE,13.1667,44.5833,83.08,54,68,2.1,broken clouds,0,0
62,Novobohdanivka,UA,47.0819,35.3272,48.16,62,14,6.08,few clouds,0,0
63,Lasa,IT,46.6166,10.7002,54.48,96,99,1.45,overcast clouds,0,0
64,Saskylakh,RU,71.9167,114.0833,9.9,94,77,13.65,broken clouds,0,0
65,Azovskaya,RU,44.7908,38.6264,51.55,73,89,1.74,overcast clouds,0,0
66,Taoudenni,ML,22.6783,-3.9836,87.31,8,31,11.52,scattered clouds,0,0
67,Ijui,BR,-28.3878,-53.9147,71.62,68,5,5.97,clear sky,0,0
68,Barrow,US,71.2906,-156.7887,24.82,80,100,10.36,overcast clouds,0,0
69,Atuona,PF,-9.8,-139.0333,78.6,75,1,16.04,clear sky,0,0
70,Sisimiut,GL,66.9395,-53.6735,35.38,62,0,11.81,clear sky,0,0
71,Abonnema,NG,4.7084,6.7931,79.09,88,98,6.82,overcast clouds,0,0
72,Zeya,RU,53.75,127.2667,45.0,40,87,4.74,overcast clouds,0,0
73,Imeni Stepana Razina,RU,54.8932,44.2963,49.42,64,93,7.94,overcast clouds,0,0
74,Sao Filipe,CV,14.8961,-24.4956,73.49,73,1,14.74,clear sky,0,0
75,Pisco,PE,-13.7,-76.2167,73.45,68,44,23.02,dust,0,0
76,Ribeira Grande,PT,38.5167,-28.7,64.8,77,20,9.22,few clouds,0,0
77,Torbay,CA,47.6666,-52.7314,43.57,69,20,14.97,few clouds,0,0
78,Hilo,US,19.7297,-155.09,91.27,77,75,5.75,light rain,0,0
79,Raudeberg,NO,61.9875,5.1352,45.95,62,100,20.92,overcast clouds,0,0
80,College,US,64.8569,-147.8028,44.2,62,75,12.66,broken clouds,0,0
81,Poronaysk,RU,49.2167,143.1167,33.37,92,100,5.59,snow,0,0
82,Aklavik,CA,68.2191,-135.0107,41.38,71,27,9.24,scattered clouds,0,0
83,East London,ZA,-33.0153,27.9116,63.09,75,95,12.82,overcast clouds,0,0
84,Tamale,GH,9.4008,-0.8393,80.11,76,87,7.87,moderate rain,0,0
85,Coquimbo,CL,-29.9533,-71.3436,62.33,67,75,5.75,broken clouds,0,0
86,Mana,GF,5.6592,-53.7767,79.99,79,46,8.9,scattered clouds,0,0
87,Hurghada,EG,27.2574,33.8129,80.64,28,0,2.3,clear sky,0,0
88,Soe,ID,-9.8607,124.284,64.49,90,48,4.34,scattered clouds,0,0
89,Teya,RU,60.3778,92.6267,21.81,96,100,4.68,overcast clouds,0,0
90,Port Blair,IN,11.6667,92.75,78.84,89,100,11.5,overcast clouds,0,0
91,Bac Lieu,VN,9.285,105.7244,80.58,84,96,15.5,overcast clouds,0,0
92,Rocha,UY,-34.4833,-54.3333,59.77,77,4,5.12,clear sky,0,0
93,Narsaq,GL,60.9167,-46.05,55.62,75,90,3.76,overcast clouds,0,0
94,Yellowknife,CA,62.456,-114.3525,28.56,86,100,26.46,light snow,0,0
95,Aykhal,RU,66.0,111.5,5.99,98,99,9.42,overcast clouds,0,0
96,Uppsala,SE,60.0,17.75,40.44,56,19,4.61,few clouds,0,0
97,Pospelikha,RU,51.95,81.7667,41.94,39,75,6.55,broken clouds,0,0
98,Biak,ID,-0.9131,122.8766,77.04,87,100,6.33,overcast clouds,0,0
99,Mayo,US,38.8876,-76.5119,55.81,55,100,13.8,overcast clouds,0,0
100,Isangel,VU,-19.55,169.2667,76.51,69,28,13.67,scattered clouds,0,0
101,Xiantao,CN,30.3833,113.4,62.82,81,31,11.5,scattered clouds,0,0
102,Ilulissat,GL,69.2167,-51.1,28.42,74,20,4.61,few clouds,0,0
103,Mackay,AU,-21.15,149.2,70.68,94,75,6.91,broken clouds,0,0
104,Upata,VE,8.0086,-62.3989,72.19,88,95,5.59,overcast clouds,0,0
105,Atbasar,KZ,51.8,68.3333,46.98,42,6,10.8,clear sky,0,0
106,Oranjemund,NA,-28.55,16.4333,56.46,75,59,11.43,broken clouds,0,0
107,Amuntai,ID,-2.4177,115.2494,75.25,99,100,1.59,overcast clouds,0,0
108,Ayagoz,KZ,47.9714,80.4392,38.89,36,6,17.25,clear sky,0,0
109,Sao Joao Da Barra,BR,-21.6403,-41.0511,75.29,78,14,12.82,few clouds,0,0
110,Arenapolis,BR,-14.4503,-56.8461,80.04,50,11,4.03,few clouds,0,0
111,Guerrero Negro,MX,27.9769,-114.0611,67.17,57,0,20.54,clear sky,0,0
112,Cabedelo,BR,-6.9811,-34.8339,81.27,78,98,13.69,overcast clouds,0,0
113,Zhanaozen,KZ,43.3,52.8,56.7,87,77,16.11,broken clouds,0,0
114,Saint George,US,37.1041,-113.5841,84.63,13,0,26.46,clear sky,0,0
115,Tasiilaq,GL,65.6145,-37.6368,37.56,66,100,4.09,overcast clouds,0,0
116,Grand Island,US,40.925,-98.342,75.24,68,40,8.05,scattered clouds,0,0
117,Sawakin,SD,19.1059,37.3321,80.62,59,0,7.99,clear sky,0,0
118,Tabou,CI,4.423,-7.3528,78.94,86,100,7.14,overcast clouds,0,0
119,Avarua,CK,-21.2078,-159.775,84.25,79,40,6.91,scattered clouds,0,0
120,Puri,IN,19.8,85.85,82.92,86,99,5.37,overcast clouds,0,0
121,Basco,PH,20.4487,121.9702,82.99,75,90,13.91,overcast clouds,0,0
122,Bethel,US,41.3712,-73.414,59.65,41,0,13.8,clear sky,0,0
123,Arraial Do Cabo,BR,-22.9661,-42.0278,75.06,64,75,9.22,broken clouds,0,0
124,Maldonado,UY,-34.6667,-54.9167,72.79,72,5,5.37,clear sky,0,0
125,Krasnaya Gorbatka,RU,55.8703,41.7641,50.2,75,93,7.56,overcast clouds,0,0
126,Jinka,ET,5.65,36.65,64.06,84,19,2.57,light rain,0,0
127,Bowen,AU,-20.0167,148.2333,72.7,89,100,12.8,overcast clouds,0,0
128,Yuancheng,CN,36.652,107.7896,49.48,78,99,2.19,overcast clouds,0,0
129,Kodiak,US,57.79,-152.4072,47.71,43,0,21.85,clear sky,0,0
130,New Norfolk,AU,-42.7826,147.0587,41.72,82,42,2.86,scattered clouds,0,0
131,Atambua,ID,-9.1061,124.8925,72.9,84,33,8.03,scattered clouds,0,0
132,Lamu,KE,-2.2717,40.902,79.02,83,94,18.41,light rain,0,0
133,Makakilo City,US,21.3469,-158.0858,80.92,57,75,10.36,broken clouds,0,0
134,Siocon,PH,7.7061,122.1353,78.87,87,90,1.88,overcast clouds,0,0
135,Kibakwe,TZ,-6.7167,36.3667,62.2,88,95,3.58,overcast clouds,0,0
136,Ulladulla,AU,-35.35,150.4667,54.5,86,54,6.78,broken clouds,0,0
137,Mayor Pablo Lagerenza,PY,-19.9309,-60.7718,89.82,28,46,6.44,scattered clouds,0,0
138,Gushi,CN,34.6425,109.5843,54.59,92,100,6.87,overcast clouds,0,0
139,Thompson,CA,55.7435,-97.8558,60.96,41,40,18.41,scattered clouds,0,0
140,Hargeysa,SO,9.56,44.065,73.02,65,73,6.78,broken clouds,0,0
141,El Alto,PE,-4.2714,-81.2147,74.86,66,31,23.42,scattered clouds,0,0
142,Katsuura,JP,35.1333,140.3,61.81,68,100,12.15,overcast clouds,0,0
143,Ponta Do Sol,PT,32.6667,-17.1,65.01,78,70,6.42,broken clouds,0,0
144,Stryn,NO,61.9045,6.7226,50.72,78,100,7.85,overcast clouds,0,0
145,Leningradskiy,RU,69.3833,178.4167,24.4,92,100,6.53,overcast clouds,0,0
146,Esperance,AU,-33.8667,121.9,55.24,47,1,8.79,clear sky,0,0
147,Halden,NO,59.1226,11.3871,46.83,58,89,4.03,overcast clouds,0,0
148,Belaya Gora,RU,68.5333,146.4167,24.62,89,70,6.73,broken clouds,0,0
149,Steubenville,US,40.3698,-80.634,67.44,26,0,8.05,clear sky,0,0
150,Dunedin,NZ,-45.8742,170.5036,51.8,91,99,1.01,overcast clouds,0,0
151,Hofn,IS,64.2539,-15.2082,46.31,99,100,4.21,light rain,0,0
152,Villa Rica,US,33.7321,-84.9191,71.38,76,38,5.86,scattered clouds,0,0
153,Olafsvik,IS,64.8945,-23.7142,45.14,88,98,17.67,light rain,0,0
154,Norman Wells,CA,65.282,-126.8329,42.84,49,75,8.05,broken clouds,0,0
155,Aksarka,RU,66.5606,67.7975,36.18,100,100,9.75,overcast clouds,0,0
156,Adrar,MR,20.5022,-10.0711,91.35,12,48,7.16,scattered clouds,0,0
157,Quatre Cocos,MU,-20.2078,57.7625,75.31,87,26,8.97,scattered clouds,0,0
158,Baryatino,RU,54.3121,34.521,47.28,92,100,8.03,overcast clouds,0,0
159,Capreol,CA,46.706,-80.9225,67.91,19,0,5.01,clear sky,0,0
160,Gat,IL,31.61,34.7642,68.4,51,1,7.18,clear sky,0,0
161,Carauari,BR,-4.8828,-66.8958,80.33,91,45,2.62,scattered clouds,0,0
162,Morros,BR,-9.4467,-46.3003,77.63,40,4,2.44,clear sky,0,0
163,Talnakh,RU,69.4865,88.3972,9.21,97,78,8.55,broken clouds,0,0
164,Balakhninskiy,RU,58.0106,114.2769,29.07,83,43,6.89,scattered clouds,0,0
165,Saint-Pierre,RE,-21.3393,55.4781,71.91,73,0,3.44,clear sky,0,0
166,Cockburn Town,TC,21.4612,-71.1419,79.47,77,0,6.35,clear sky,0,0
167,Urengoy,RU,65.9667,78.3667,33.37,98,100,12.88,overcast clouds,0,0
168,Pau,FR,43.4167,-0.5833,63.25,77,0,8.05,clear sky,0,0
169,Portland,US,45.5234,-122.6762,50.23,83,100,4.61,overcast clouds,0,0
170,Mount Isa,AU,-20.7333,139.5,67.77,68,75,5.75,light rain,0,0
171,Port Hardy,CA,50.6996,-127.4199,51.98,62,75,12.66,broken clouds,0,0
172,Saint Anthony,US,45.0205,-93.218,64.18,53,100,17.27,overcast clouds,0,0
173,Stans,CH,46.9585,8.366,56.93,95,75,3.44,broken clouds,0,0
174,Chuy,UY,-33.6971,-53.4616,60.33,76,4,3.87,clear sky,0,0
175,Vao,NC,-22.6667,167.4833,73.94,64,95,14.54,overcast clouds,0,0
176,Suntar,RU,62.1444,117.6319,32.5,84,61,11.03,broken clouds,0,0
177,Turayf,SA,31.6725,38.6637,64.65,29,0,4.61,clear sky,0,0
178,Biltine,TD,14.5333,20.9167,88.97,11,17,4.54,few clouds,0,0
179,Mahibadhoo,MV,3.7833,72.9667,84.33,78,100,18.54,overcast clouds,0,0
180,Norsup,VU,-16.0667,167.3833,79.18,64,4,14.25,clear sky,0,0
181,Ca Mau,VN,9.1769,105.15,80.37,83,96,8.32,overcast clouds,0,0
182,Gavrilovka Vtoraya,RU,52.877,42.7663,49.01,58,4,6.8,clear sky,0,0
183,Yumen,CN,40.2833,97.2,58.77,42,81,5.53,broken clouds,0,0
184,Palmer,US,42.1584,-72.3287,59.25,25,75,11.5,broken clouds,0,0
185,Doha,QA,25.2867,51.5333,84.18,30,0,23.02,clear sky,0,0
186,Tondano,ID,1.3038,124.9112,69.89,89,100,2.28,overcast clouds,0,0
187,Chokurdakh,RU,70.6333,147.9167,13.84,85,49,8.25,scattered clouds,0,0
188,Dingle,PH,10.9995,122.6711,77.97,87,100,8.23,overcast clouds,0,0
189,Tuktoyaktuk,CA,69.4541,-133.0374,39.2,70,75,12.66,broken clouds,0,0
190,Shiloh,US,38.5614,-89.8973,75.63,48,0,10.36,clear sky,0,0
191,Coihaique,CL,-45.5752,-72.0662,49.95,50,75,8.05,broken clouds,0,0
192,Quelimane,MZ,-17.8786,36.8883,73.35,88,0,4.61,clear sky,0,0
193,Victoria Point,AU,-27.5833,153.3,66.15,97,100,7.0,moderate rain,0,0
194,Hervey Bay,AU,-25.2986,152.8535,71.65,82,100,8.79,light rain,0,0
195,Praia Da Vitoria,PT,38.7333,-27.0667,64.76,77,20,3.47,few clouds,0,0
196,Amudat,UG,1.95,34.95,70.38,75,88,2.04,overcast clouds,0,0
197,Vozhega,RU,60.4725,40.2213,38.98,96,100,4.36,overcast clouds,0,0
198,Bar-Le-Duc,FR,48.75,5.1667,59.38,92,3,8.1,clear sky,0,0
199,Novikovo,RU,51.1537,37.8879,54.07,57,93,7.11,overcast clouds,0,0
200,Nago,JP,26.5881,127.9761,76.05,92,99,5.73,overcast clouds,0,0
201,Strelka,RU,58.0728,93.0344,26.83,71,30,4.65,scattered clouds,0,0
202,Jalpan,MX,21.2333,-99.4833,100.58,19,50,6.49,scattered clouds,0,0
203,Wuxue,CN,29.8506,115.5525,68.13,88,100,4.27,overcast clouds,0,0
204,San Patricio,US,28.017,-97.5169,94.15,51,2,20.71,clear sky,0,0
205,Binzhou,CN,37.3667,118.0167,44.17,89,100,2.86,overcast clouds,0,0
206,Qui Nhon,VN,13.7667,109.2333,77.23,88,100,5.23,overcast clouds,0,0
207,Mecca,SA,21.4267,39.8261,81.9,39,0,5.06,clear sky,0,0
208,Touros,BR,-5.1989,-35.4608,79.14,84,100,13.49,overcast clouds,0,0
209,Yanam,IN,16.7333,82.2167,80.92,81,72,6.42,broken clouds,0,0
210,Lompoc,US,34.6391,-120.4579,72.57,59,0,38.99,clear sky,0,0
211,Codrington,AU,-38.2667,141.9667,45.55,86,45,5.99,scattered clouds,0,0
212,Pevek,RU,69.7008,170.3133,22.57,87,100,12.15,overcast clouds,0,0
213,Lincoln,US,40.8,-96.667,71.56,81,100,1.99,overcast clouds,0,0
214,Sahuaripa,MX,29.05,-109.2333,97.59,7,0,20.83,clear sky,0,0
215,Polovinnoye,RU,54.7914,65.9864,49.77,33,83,4.52,broken clouds,0,0
216,Lebu,CL,-37.6167,-73.65,55.83,97,100,2.75,overcast clouds,0,0
217,Cidreira,BR,-30.1811,-50.2056,66.51,78,0,14.2,clear sky,0,0
218,Harper,LR,4.375,-7.7169,76.46,92,100,9.01,overcast clouds,0,0
219,Krasnoselkup,RU,65.7,82.4667,28.09,92,100,11.3,overcast clouds,0,0
220,Charyshskoye,RU,51.3978,83.5598,35.62,54,4,3.71,clear sky,0,0
221,Richards Bay,ZA,-28.783,32.0377,65.41,89,97,10.69,light rain,0,0
222,Fortuna,US,40.5982,-124.1573,49.93,85,75,11.5,broken clouds,0,0
223,Severo-Kurilsk,RU,50.6789,156.125,38.62,95,100,17.76,moderate rain,0,0
224,Qasigiannguit,GL,68.8193,-51.1922,28.65,82,5,1.3,clear sky,0,0
225,Kano,NG,12.0001,8.5167,91.29,43,0,3.44,clear sky,0,0
226,Paita,PE,-5.0892,-81.1144,72.52,72,87,19.15,overcast clouds,0,0
227,Brae,GB,60.3964,-1.353,47.53,87,100,16.93,overcast clouds,0,0
228,Sobolevo,RU,54.4299,31.8996,43.83,77,100,7.61,overcast clouds,0,0
229,Pontianak,ID,-0.0333,109.3333,75.18,100,75,3.44,broken clouds,0,0
230,Salalah,OM,17.0151,54.0924,84.29,74,40,3.44,scattered clouds,0,0
231,Nouadhibou,MR,20.931,-17.0347,66.18,88,20,14.97,few clouds,0,0
232,Tahe,CN,52.3333,124.7333,45.61,39,95,4.92,overcast clouds,0,0
233,Awbari,LY,26.5921,12.7805,72.07,17,0,7.7,clear sky,0,0
234,Warwick,US,41.7001,-71.4162,55.72,39,75,29.93,broken clouds,0,0
235,Monrovia,LR,6.3005,-10.7969,77.74,87,100,6.24,light rain,0,0
236,Zhaotong,CN,27.3167,103.7167,58.82,90,100,2.57,overcast clouds,0,0
237,Carnarvon,AU,-24.8667,113.6333,62.67,94,0,5.75,clear sky,0,0
238,Fairbanks,US,64.8378,-147.7164,44.22,62,100,12.66,overcast clouds,0,0
239,Zhigansk,RU,66.7697,123.3711,19.56,93,100,25.64,snow,0,0
240,Thinadhoo,MV,0.5333,72.9333,82.4,81,100,17.67,moderate rain,0,0
241,Corowa,AU,-36.0333,146.3833,39.58,89,0,5.3,clear sky,0,0
242,Iqaluit,CA,63.7506,-68.5145,29.93,63,75,4.61,broken clouds,0,0
243,Longyearbyen,SJ,78.2186,15.6401,17.44,62,75,20.71,broken clouds,0,0
244,Progress,US,40.2851,-76.8314,65.75,39,0,12.66,clear sky,0,0
245,Honiara,SB,-9.4333,159.95,80.37,84,98,7.47,overcast clouds,0,0
246,Vila Franca Do Campo,PT,37.7167,-25.4333,67.19,82,81,2.26,broken clouds,0,0
247,Balikpapan,ID,-1.2675,116.8289,77.99,94,40,4.61,scattered clouds,0,0
248,Eregli,TR,37.5133,34.0467,51.13,64,69,2.19,broken clouds,0,0
249,Santa Cruz Del Norte,CU,23.1539,-81.9236,83.14,65,39,6.24,scattered clouds,0,0
250,Makasar,ID,-5.14,119.4221,77.05,100,20,2.3,few clouds,0,0
251,Viedma,AR,-40.8135,-62.9967,65.19,37,100,16.96,overcast clouds,0,0
252,Matamoros,MX,25.5333,-103.25,98.1,7,46,4.99,scattered clouds,0,0
253,Coahuayana,MX,18.7333,-103.6833,88.0,48,16,8.1,few clouds,0,0
254,Champerico,GT,14.3,-91.9167,93.74,67,56,10.54,broken clouds,0,0
255,Aripuana,BR,-9.1667,-60.6333,78.4,92,43,1.83,scattered clouds,0,0
256,Penzance,GB,50.1186,-5.5371,50.68,90,73,11.25,broken clouds,0,0
257,Butterworth,MY,5.3991,100.3638,82.44,93,20,3.44,moderate rain,0,0
258,Mahebourg,MU,-20.4081,57.7,75.49,88,20,3.44,few clouds,0,0
259,Kavaratti,IN,10.5669,72.642,85.12,69,98,14.88,overcast clouds,0,0
260,Mahina,PF,-17.5065,-149.489,83.97,74,20,3.44,light rain,0,0
261,Belyy Yar,RU,53.6039,91.3903,30.85,48,0,2.24,clear sky,0,0
262,Vestmanna,FO,62.1564,-7.1664,47.32,100,100,13.8,light rain,0,0
263,Kampot,KH,10.6167,104.1833,82.45,89,100,5.41,overcast clouds,0,0
264,Margherita,IN,27.2833,95.6833,74.98,80,39,2.1,scattered clouds,0,0
265,Magaria,NE,12.9983,8.9099,93.34,22,56,6.6,broken clouds,0,0
266,Balagansk,RU,54.0103,103.0544,28.47,69,15,8.52,few clouds,0,0
267,Half Moon Bay,US,37.4636,-122.4286,62.22,57,0,20.71,haze,0,0
268,Kahului,US,20.8947,-156.47,84.22,51,40,17.27,scattered clouds,0,0
269,Veraval,IN,20.9,70.3667,81.36,80,0,16.42,clear sky,0,0
270,Nemuro,JP,43.3236,145.575,41.09,75,35,11.21,scattered clouds,0,0
271,Saint-Francois,FR,46.4154,3.9054,58.44,67,0,4.61,clear sky,0,0
272,Aswan,EG,24.0934,32.907,87.1,12,0,6.91,clear sky,0,0
273,Nishihara,JP,26.1842,127.7558,75.25,94,100,8.05,overcast clouds,0,0
274,Galesong,ID,-5.3166,119.3661,77.02,83,100,5.03,overcast clouds,0,0
275,Nong Khai,TH,17.9167,103.0833,76.28,82,20,3.44,few clouds,0,0
276,Trelew,AR,-43.249,-65.3051,64.15,25,43,14.16,scattered clouds,0,0
277,Sabang,ID,5.8933,95.3214,82.49,74,100,5.44,overcast clouds,0,0
278,Hasaki,JP,35.7333,140.8333,59.4,54,100,12.46,overcast clouds,0,0
279,Tanete,ID,-3.9443,119.7848,75.42,98,100,3.49,overcast clouds,0,0
280,Boshnyakovo,RU,49.6333,142.1667,30.83,99,100,14.7,snow,0,0
281,Inhambane,MZ,-23.865,35.3833,71.56,86,0,7.36,light rain,0,0
282,Komsomolskiy,UZ,40.4272,71.7189,70.52,49,0,6.91,clear sky,0,0
283,Chimbote,PE,-9.0853,-78.5783,67.77,82,98,9.69,overcast clouds,0,0
284,Manturovo,RU,58.3353,44.7619,51.89,67,100,10.25,overcast clouds,0,0
285,Sao Marcos,BR,-28.9711,-51.0681,69.75,83,0,1.95,clear sky,0,0
286,Metro,ID,-5.1131,105.3067,77.09,84,97,4.45,overcast clouds,0,0
287,Alanya,TR,36.5438,31.9998,60.93,56,38,2.77,scattered clouds,0,0
288,Puerto Leguizamo,CO,-0.1934,-74.7819,80.22,78,94,3.15,overcast clouds,0,0
289,Norwalk,US,33.9022,-118.0817,73.51,62,75,11.5,broken clouds,0,0
290,Naze,JP,28.3667,129.4833,70.72,95,100,6.8,overcast clouds,0,0
291,Longyan,CN,25.1072,117.0225,66.43,95,99,0.65,overcast clouds,0,0
292,Tazovskiy,RU,67.4667,78.7,32.29,96,100,14.29,overcast clouds,0,0
293,Colares,PT,38.7992,-9.4469,71.28,40,0,18.41,clear sky,0,0
294,Gizo,SB,-8.103,156.8419,83.03,77,95,7.27,light rain,0,0
295,Iskateley,RU,67.6803,53.1512,28.85,94,100,6.02,overcast clouds,0,0
296,Mikkeli,FI,61.6886,27.2723,36.14,69,0,3.44,clear sky,0,0
297,Hirara,JP,24.8,125.2833,77.43,84,93,5.06,overcast clouds,0,0
298,Grindavik,IS,63.8424,-22.4338,51.75,87,75,20.71,light intensity drizzle,0,0
299,Akureyri,IS,65.6835,-18.0878,46.33,81,75,11.5,broken clouds,0,0
300,Nichinan,JP,31.6,131.3667,66.45,88,95,2.08,overcast clouds,0,0
301,Kiama,AU,-34.6833,150.8667,57.38,88,96,1.01,light rain,0,0
302,Hamilton,US,39.1834,-84.5333,72.64,48,0,9.22,clear sky,0,0
303,Meulaboh,ID,4.1363,96.1285,77.0,89,100,3.22,overcast clouds,0,0
304,Bubaque,GW,11.2833,-15.8333,77.2,73,42,12.53,light rain,0,0
305,Panuco,MX,22.05,-98.1667,100.02,40,1,14.38,clear sky,0,0
306,Pochutla,MX,15.7432,-96.4661,91.81,43,14,9.66,few clouds,0,0
307,Copalillo,MX,18.0333,-99.1167,98.91,17,46,2.08,scattered clouds,0,0
308,Lagoa,PT,39.05,-27.9833,61.68,82,49,9.86,scattered clouds,0,0
309,Linjiang,CN,41.8069,126.9078,39.27,62,0,1.45,clear sky,0,0
310,Khatanga,RU,71.9667,102.5,3.16,97,55,8.99,broken clouds,0,0
311,Sukabumi,ID,-6.9181,106.9267,72.54,94,100,1.83,overcast clouds,0,0
312,Winona,US,43.9666,-91.7668,62.4,52,40,10.36,scattered clouds,0,0
313,Alofi,NU,-19.0595,-169.9187,76.89,88,100,10.36,drizzle,0,0
314,Petropavlovsk-Kamchatskiy,RU,53.0452,158.6483,37.99,93,100,8.95,overcast clouds,0,0
315,Petukhovo,RU,55.0692,67.9019,49.55,37,56,7.05,broken clouds,0,0
316,Erzin,TR,36.9559,36.2,59.09,71,20,2.17,few clouds,0,0
317,Wenatchee,US,47.4235,-120.3103,53.83,49,75,16.11,broken clouds,0,0
318,Butwal,NP,27.7006,83.4484,78.01,59,24,5.5,few clouds,0,0
319,Husavik,IS,66.0449,-17.3389,42.22,91,100,3.47,overcast clouds,0,0
320,Iralaya,HN,15.0,-83.2333,85.1,67,56,10.18,broken clouds,0,0
321,Pesqueira,BR,-8.3578,-36.6964,70.7,83,78,9.82,broken clouds,0,0
322,Bridgeton,US,39.4273,-75.2341,57.11,47,100,19.57,overcast clouds,0,0
323,Chalmette,US,29.9427,-89.9634,89.01,58,0,9.22,clear sky,0,0
324,Totness,SR,5.8833,-56.3167,80.15,81,93,12.91,overcast clouds,0,0
325,Peniche,PT,39.3558,-9.3811,62.11,87,5,9.15,clear sky,0,0
326,Darhan,MN,49.4867,105.9228,38.1,85,100,19.42,light rain,0,0
327,Fort-Shevchenko,KZ,44.5086,50.263,56.64,82,100,19.44,overcast clouds,0,0
328,Dikson,RU,73.5069,80.5464,25.21,94,100,27.38,snow,0,0
329,Camapua,BR,-19.5314,-54.0439,73.38,42,0,0.34,clear sky,0,0
330,Kurilsk,RU,45.2333,147.8833,40.14,74,3,8.97,clear sky,0,0
331,Tshikapa,CD,-6.4167,20.8,73.58,81,91,1.5,overcast clouds,0,0
332,La Ronge,CA,55.1001,-105.2842,52.05,32,75,16.11,broken clouds,0,0
333,Kihei,US,20.785,-156.4656,84.22,81,40,17.27,scattered clouds,0,0
334,Mount Darwin,ZW,-16.7725,31.5838,70.11,55,94,3.58,overcast clouds,0,0
335,Shar,KZ,49.5886,81.0453,39.56,38,15,7.63,few clouds,0,0
336,Progreso,MX,21.2833,-89.6667,103.1,65,0,16.53,clear sky,0,0
337,Victoria,HK,22.2855,114.1577,77.38,78,100,8.01,overcast clouds,0,0
338,Mehamn,NO,71.0357,27.8492,31.95,80,75,16.11,light snow,0,0
339,Vodyane,UA,47.4875,34.4924,56.88,47,37,6.55,scattered clouds,0,0
340,Goundi,TD,9.3627,17.366,92.57,24,10,5.03,clear sky,0,0
341,Swift Current,CA,50.2834,-107.8014,54.41,47,40,8.05,scattered clouds,0,0
342,Huarmey,PE,-10.0681,-78.1522,69.89,77,99,10.65,overcast clouds,0,0
343,San Joaquin,US,37.9333,-121.3011,64.65,38,100,20.71,overcast clouds,0,0
344,Black River,JM,18.0264,-77.8487,83.88,65,16,13.35,few clouds,0,0
345,Diamantino,BR,-14.4086,-56.4461,79.93,50,7,4.29,clear sky,0,0
346,Kongolo,CD,-5.3833,27.0,70.74,92,100,3.2,light rain,0,0
347,Acajutla,SV,13.5928,-89.8275,85.89,67,70,7.92,broken clouds,0,0
348,Weligama,LK,5.9667,80.4167,80.78,88,95,14.09,overcast clouds,0,0
349,Constitucion,CL,-35.3333,-72.4167,56.41,85,100,5.17,overcast clouds,0,0
350,Jalu,LY,29.0331,21.5482,73.45,31,0,14.52,clear sky,0,0
351,Bellavista,PE,-7.0561,-76.5911,85.71,59,70,3.49,broken clouds,0,0
352,Tual,ID,-5.6667,132.75,84.11,76,100,11.34,moderate rain,0,0
353,Paamiut,GL,61.994,-49.6678,33.42,87,100,18.48,overcast clouds,0,0
354,Voyvozh,RU,62.892,54.9635,46.9,68,5,11.23,clear sky,0,0
355,Osypenko,UA,46.9136,36.8253,49.08,53,1,7.94,clear sky,0,0
356,Kitimat,CA,54.0524,-128.6534,52.18,62,99,3.02,overcast clouds,0,0
357,Nuevo Progreso,MX,23.1667,-97.95,94.53,56,16,4.0,few clouds,0,0
358,Lapi,PH,17.716,121.8978,74.75,91,55,4.07,light rain,0,0
359,Nantucket,US,41.2835,-70.0995,51.94,53,0,26.46,clear sky,0,0
360,Prado,BR,-17.3411,-39.2208,72.86,90,100,7.96,overcast clouds,0,0
361,Magole,TZ,-6.3667,37.3667,69.13,88,100,2.37,overcast clouds,0,0
362,Pangkalanbuun,ID,-2.6833,111.6167,74.14,99,100,1.97,moderate rain,0,0
363,Atar,MR,20.5169,-13.0499,96.21,15,85,15.57,overcast clouds,0,0
364,Popondetta,PG,-8.7537,148.2534,76.57,83,97,2.57,overcast clouds,0,0
365,Bontang,ID,0.1333,117.5,77.02,93,100,5.77,overcast clouds,0,0
366,Ranong,TH,9.9658,98.6348,78.98,88,100,1.83,overcast clouds,0,0
367,Makat,KZ,47.6469,53.3463,60.87,52,100,16.55,overcast clouds,0,0
368,Bud,US,39.447,-86.1758,71.82,47,63,11.36,broken clouds,0,0
369,Wattegama,LK,6.7989,81.4808,76.95,86,94,5.93,moderate rain,0,0
370,Ancud,CL,-41.8697,-73.8203,52.41,85,38,4.97,scattered clouds,0,0
371,Fort Nelson,CA,58.8053,-122.7002,33.39,86,100,16.11,light snow,0,0
372,Marystown,CA,47.1666,-55.1483,42.53,59,0,11.45,clear sky,0,0
373,Ahipara,NZ,-35.1667,173.1667,62.92,81,97,7.52,overcast clouds,0,0
374,Aracati,BR,-4.5617,-37.7697,79.41,77,100,7.27,overcast clouds,0,0
375,Yamada,JP,39.4667,141.95,49.37,76,100,4.52,overcast clouds,0,0
376,Cowra,AU,-33.8333,148.6833,42.53,89,0,5.39,clear sky,0,0
377,Broken Hill,AU,-31.95,141.4333,42.51,87,0,6.91,clear sky,0,0
378,Nyurba,RU,63.2842,118.3319,30.99,94,100,9.04,light snow,0,0
379,Nautla,MX,20.2167,-96.7833,90.3,57,12,14.38,few clouds,0,0
380,Challans,FR,46.8436,-1.8749,68.2,74,90,1.01,overcast clouds,0,0
381,Xining,CN,36.6167,101.7667,45.57,78,1,1.05,clear sky,0,0
382,Shushenskoye,RU,53.325,91.9356,35.04,42,88,4.79,overcast clouds,0,0
383,Shubarkuduk,KZ,49.1447,56.4872,54.95,35,100,16.35,overcast clouds,0,0
384,Avera,US,33.194,-82.5271,71.11,50,79,6.53,broken clouds,0,0
385,Nara,JP,34.6851,135.8049,57.49,41,100,4.07,overcast clouds,0,0
386,Llanes,ES,43.4198,-4.7549,59.74,82,0,6.11,clear sky,0,0
387,Kailua,US,21.4022,-157.7394,82.38,68,40,14.97,scattered clouds,0,0
388,Luyang,CN,27.6239,110.0989,66.87,98,100,2.66,overcast clouds,0,0
389,San Matias,BO,-16.3667,-58.4,81.77,44,1,4.0,clear sky,0,0
390,Kawalu,ID,-7.3817,108.2082,73.24,96,98,1.39,overcast clouds,0,0
391,Luorong,CN,24.4058,109.6086,71.44,93,100,1.7,overcast clouds,0,0
392,Nisia Floresta,BR,-6.0911,-35.2086,81.41,83,100,10.94,overcast clouds,0,0
393,Puerto Escondido,MX,15.85,-97.0667,88.68,53,79,9.22,broken clouds,0,0
394,Atherton,GB,53.5237,-2.4935,61.25,68,77,1.99,broken clouds,0,0
395,Ankazobe,MG,-18.3167,47.1167,62.11,87,13,1.07,few clouds,0,0
396,Bambous Virieux,MU,-20.3428,57.7575,75.45,88,20,3.44,few clouds,0,0
397,Mosquera,CO,4.7059,-74.2302,62.69,72,75,8.05,broken clouds,0,0
398,Soyo,AO,-6.1349,12.3689,78.21,90,19,4.92,few clouds,0,0
399,Lerwick,GB,60.1545,-1.1494,48.2,87,100,20.45,overcast clouds,0,0
400,Barth,DE,54.3635,12.7249,49.08,85,13,8.19,few clouds,0,0
401,Jumla,NP,29.2747,82.1838,50.88,84,6,3.69,clear sky,0,0
402,Concepcion De Ataco,SV,13.8703,-89.8486,82.98,65,73,5.88,broken clouds,0,0
403,Los Llanos De Aridane,ES,28.6585,-17.9182,62.35,77,0,14.97,clear sky,0,0
404,Abu Kamal,SY,34.4506,40.9171,70.07,31,0,5.55,clear sky,0,0
405,Beringovskiy,RU,63.05,179.3167,34.93,68,47,14.0,scattered clouds,0,0
406,Nieuwpoort,BE,51.1244,2.7735,52.18,84,0,10.36,clear sky,0,0
407,Kungurtug,RU,50.5994,97.5228,23.72,91,88,4.18,overcast clouds,0,0
408,Omboue,GA,-1.5746,9.2618,78.06,91,41,5.46,scattered clouds,0,0
409,Port Macquarie,AU,-31.4333,152.9167,46.89,75,0,5.3,clear sky,0,0
410,Ugoofaaru,MV,5.6667,73.0,84.0,77,100,19.64,overcast clouds,0,0
411,Vagay,RU,57.9375,69.0217,48.04,62,67,3.71,broken clouds,0,0
412,Eyl,SO,7.9803,49.8164,83.3,79,45,9.22,scattered clouds,0,0
413,Oberndorf,DE,48.2905,8.5722,49.15,91,12,2.59,few clouds,0,0
414,Eisiskes,LT,54.1667,25.0,42.73,62,47,10.67,scattered clouds,0,0
415,Missoula,US,47.0166,-113.8009,43.18,47,100,8.75,overcast clouds,0,0
416,Athabasca,CA,54.7169,-113.2854,41.41,63,100,17.83,overcast clouds,0,0
417,Khandbari,NP,27.3747,87.2039,68.95,80,100,4.68,overcast clouds,0,0
418,Buraydah,SA,26.326,43.975,81.05,16,5,9.66,clear sky,0,0
419,Miranda,CO,3.2499,-76.2281,86.13,73,97,0.38,overcast clouds,0,0
420,Yulara,AU,-25.2406,130.9889,51.64,40,100,5.75,overcast clouds,0,0
421,Klaksvik,FO,62.2266,-6.589,49.12,98,100,20.92,light rain,0,0
422,Kismayo,SO,-0.3582,42.5454,80.04,85,97,13.38,light rain,0,0
423,El Vendrell,ES,41.2167,1.5333,65.75,71,76,1.01,broken clouds,0,0
424,Xinzhi,CN,36.4989,111.7047,53.85,92,100,3.83,moderate rain,0,0
425,Port-Gentil,GA,-0.7193,8.7815,82.36,83,40,6.91,scattered clouds,0,0
426,Mocuba,MZ,-16.8392,36.9856,65.93,97,9,3.02,clear sky,0,0
427,Goderich,CA,43.7501,-81.7165,55.72,50,6,12.66,clear sky,0,0
428,Srednekolymsk,RU,67.45,153.6833,31.44,83,39,8.75,scattered clouds,0,0
429,Kyabe,TD,9.4515,18.9449,91.9,27,41,2.75,scattered clouds,0,0
430,Maniitsoq,GL,65.4167,-52.9,32.7,83,43,16.93,scattered clouds,0,0
431,Samarai,PG,-10.6167,150.6667,82.62,81,65,13.71,broken clouds,0,0
432,Celestun,MX,20.8667,-90.4,88.27,65,1,12.06,clear sky,0,0
433,Sur,OM,22.5667,59.5289,88.59,36,0,10.71,clear sky,0,0
434,Ostrovnoy,RU,68.0531,39.5131,26.49,80,27,6.82,scattered clouds,0,0
435,Brooks,CA,50.5834,-111.8851,51.42,58,100,3.44,overcast clouds,0,0
436,Sungairaya,ID,0.7,108.9,78.19,88,100,6.46,moderate rain,0,0
437,Camiri,BO,-20.05,-63.5167,76.78,50,100,0.0,overcast clouds,0,0
438,Port Augusta,AU,-32.5,137.7667,52.05,68,72,4.45,broken clouds,0,0
439,Marawi,PH,7.9986,124.2928,69.73,95,95,0.74,overcast clouds,0,0
440,Canon City,US,38.441,-105.2424,82.38,28,0,13.8,clear sky,0,0
441,Belmonte,BR,-15.8631,-38.8828,75.42,85,93,10.02,moderate rain,0,0
442,Mirnyy,RU,62.5353,113.9611,30.24,92,100,8.99,overcast clouds,0,0
443,Havoysund,NO,70.9963,24.6622,32.23,66,100,20.33,light snow,0,0
444,Severo-Yeniseyskiy,RU,60.3725,93.0408,18.48,96,96,6.02,light snow,0,0
445,Mananara,MG,-16.1667,49.7667,73.2,95,30,4.21,light rain,0,0
446,Pont-Audemer,FR,49.35,0.5167,57.74,87,62,5.55,broken clouds,0,0
447,Lavrentiya,RU,65.5833,-171.0,32.94,92,100,5.23,overcast clouds,0,0
448,Verkhnevilyuysk,RU,63.4453,120.3167,31.39,93,98,9.15,light snow,0,0
449,Jacareacanga,BR,-6.2222,-57.7528,82.78,76,26,2.66,scattered clouds,0,0
450,Tanglad,PH,11.2917,125.5768,77.27,83,100,6.76,overcast clouds,0,0
451,Cherskiy,RU,68.75,161.3,22.89,92,100,11.63,overcast clouds,0,0
452,Numaran,MX,20.25,-101.9333,96.64,10,53,6.53,broken clouds,0,0
453,Nanortalik,GL,60.1432,-45.2371,37.17,89,100,0.83,overcast clouds,0,0
454,Gillette,US,44.2911,-105.5022,66.11,20,0,28.77,clear sky,0,0
455,Batagay-Alyta,RU,67.8006,130.4114,26.29,94,100,3.04,light snow,0,0
456,Kropotkin,RU,45.4375,40.5756,47.46,78,91,3.62,overcast clouds,0,0
457,Valparaiso,CL,-33.0393,-71.6273,61.03,74,100,4.61,overcast clouds,0,0
458,Dunmore East,IE,52.1514,-6.9861,55.69,77,88,10.94,overcast clouds,0,0
459,Urucui,BR,-7.2294,-44.5561,82.22,41,99,0.69,overcast clouds,0,0
460,Ukiah,US,39.1502,-123.2078,53.49,77,40,5.75,scattered clouds,0,0
461,Nipawin,CA,53.3668,-104.0009,60.84,33,0,16.11,clear sky,0,0
462,Antalaha,MG,-14.9003,50.2788,73.54,89,13,6.04,few clouds,0,0
463,Cuamba,MZ,-14.8031,36.5372,67.03,75,43,1.79,scattered clouds,0,0
464,Cap Malheureux,MU,-19.9842,57.6142,73.47,79,1,4.0,clear sky,0,0
465,Asfi,MA,32.2994,-9.2372,68.32,68,12,17.0,few clouds,0,0
466,Pangnirtung,CA,66.1451,-65.7125,28.04,84,82,3.13,broken clouds,0,0
467,Ormara,PK,25.2088,64.6357,81.19,81,0,12.28,clear sky,0,0
468,Guia Lopes Da Laguna,BR,-21.4578,-56.1142,75.09,42,0,4.14,clear sky,0,0
469,Clyde River,CA,70.4692,-68.5914,30.43,74,100,0.0,overcast clouds,0,0
470,Murdochville,CA,48.9583,-65.5006,40.08,39,0,7.74,clear sky,0,0
471,Ayan,RU,56.45,138.1667,35.87,81,82,8.37,broken clouds,0,0
472,Idrinskoye,RU,54.3708,92.1358,32.31,43,78,1.05,broken clouds,0,0
473,Wenling,CN,28.3669,121.36,62.11,95,58,5.03,broken clouds,0,0
474,Leh,IN,34.1667,77.5833,45.72,50,2,4.18,clear sky,0,0
475,Vostok,RU,46.4856,135.8833,35.02,86,77,4.34,broken clouds,0,0
476,Noumea,NC,-22.2763,166.4572,75.0,99,100,7.0,overcast clouds,0,0
477,Buala,SB,-8.145,159.5921,81.97,82,99,9.17,moderate rain,0,0
478,Desaguadero,PE,-16.5656,-69.0417,54.52,38,62,11.3,broken clouds,0,0
479,Impfondo,CG,1.6381,18.0667,75.76,80,80,1.72,broken clouds,0,0
480,Poum,NC,-20.2333,164.0167,76.8,62,100,15.95,overcast clouds,0,0
481,Alcanede,PT,39.415,-8.8219,64.67,70,5,5.91,clear sky,0,0
482,Jaisalmer,IN,26.9147,70.9181,86.56,38,0,18.81,clear sky,0,0
483,Berlevag,NO,70.8578,29.0864,32.0,74,40,19.57,scattered clouds,0,0
484,Ramos Arizpe,MX,25.55,-100.9667,98.96,10,5,13.0,clear sky,0,0
485,Manoel Urbano,BR,-8.8389,-69.2597,82.17,70,96,1.45,overcast clouds,0,0
486,Palembang,ID,-2.9167,104.7458,80.69,89,40,2.3,scattered clouds,0,0
487,Knysna,ZA,-34.0363,23.0471,56.3,79,79,3.4,broken clouds,0,0
488,Newtownards,GB,54.5924,-5.6909,54.34,88,40,3.0,scattered clouds,0,0
489,Alexandria,EG,31.2156,29.9553,69.76,68,0,11.5,clear sky,0,0
490,Dakar,SN,14.6937,-17.4441,72.48,88,40,9.22,scattered clouds,0,0
491,Anakapalle,IN,17.6833,83.0167,84.15,78,84,7.38,broken clouds,0,0
492,Pensacola,US,30.4213,-87.2169,91.42,59,0,10.36,clear sky,0,0
493,Griffith,US,41.5284,-87.4237,68.09,52,0,14.97,clear sky,0,0
494,Joacaba,BR,-27.1781,-51.5047,58.46,83,0,2.86,clear sky,0,0
495,Bilma,NE,18.6853,12.9164,94.35,11,100,4.38,overcast clouds,0,0
496,Hun,LY,29.1268,15.9477,69.55,41,0,16.96,clear sky,0,0
497,Port Hedland,AU,-20.3167,118.5667,69.85,40,86,9.22,overcast clouds,0,0
498,San Clemente,US,33.427,-117.612,72.05,72,65,8.01,broken clouds,0,0
499,Axim,GH,4.8699,-2.2405,80.96,82,82,8.88,broken clouds,0,0
500,Bilibino,RU,68.0546,166.4372,23.4,84,100,5.37,overcast clouds,0,0
501,Tsabong,BW,-26.0217,22.401,55.13,34,0,7.16,clear sky,0,0
502,Iguala,MX,18.3438,-99.5372,101.64,19,4,5.17,clear sky,0,0
503,Rawson,AR,-43.3002,-65.1023,63.28,32,46,14.99,scattered clouds,0,0
504,Flin Flon,CA,54.7682,-101.865,57.04,33,40,24.16,scattered clouds,0,0
505,Camacha,PT,33.0833,-16.3333,58.42,72,20,12.66,few clouds,0,0
506,Kununurra,AU,-15.7667,128.7333,73.38,31,1,6.91,clear sky,0,0
507,Corrente,BR,-3.7367,-43.3394,75.29,95,100,1.41,moderate rain,0,0
508,Santa Luzia,BR,-19.7697,-43.8514,78.94,55,20,9.22,few clouds,0,0
509,Nyimba,ZM,-14.5566,30.8149,70.7,66,68,3.51,broken clouds,0,0
510,Inverell,AU,-29.7833,151.1167,48.67,88,45,4.14,scattered clouds,0,0
511,Yar-Sale,RU,66.8333,70.8333,35.35,100,100,10.33,overcast clouds,0,0
512,Oktyabrskiy,RU,54.4815,53.471,47.62,51,100,2.73,overcast clouds,0,0
513,Saint-Augustin,CA,51.226,-58.6502,45.93,47,94,11.03,overcast clouds,0,0
514,Muros,ES,42.7762,-9.0603,69.67,71,29,4.99,scattered clouds,0,0
515,Gamba,GA,-2.65,10.0,78.37,89,80,3.38,broken clouds,0,0
516,Dargaville,NZ,-35.9333,173.8833,60.73,82,87,6.2,overcast clouds,0,0
517,Shimoda,JP,34.6667,138.95,57.11,85,100,2.39,overcast clouds,0,0
518,Mbanza-Ngungu,CD,-5.25,14.8667,69.69,93,73,1.43,light rain,0,0
519,Nioro,GM,13.35,-15.75,82.78,43,0,13.2,clear sky,0,0
520,Kieta,PG,-6.2167,155.6333,80.49,84,58,2.53,light rain,0,0
521,Nizhniy Kuranakh,RU,58.8353,125.4869,35.67,99,100,4.61,light rain,0,0
522,Banjar,ID,-8.19,114.9675,77.67,90,85,3.0,overcast clouds,0,0
523,Raga,SS,8.4596,25.678,78.85,63,100,5.84,overcast clouds,0,0
524,Laguna,US,38.421,-121.4238,66.06,42,75,17.27,broken clouds,0,0
525,Faya,SA,18.3851,42.4509,66.31,56,0,1.68,clear sky,0,0
526,Hami,CN,42.8,93.45,66.65,30,0,8.79,clear sky,0,0
527,Amapa,BR,1.0,-52.0,73.99,98,98,4.65,overcast clouds,0,0
528,Rexburg,US,43.826,-111.7897,49.98,34,20,10.36,few clouds,0,0
529,Bathsheba,BB,13.2167,-59.5167,84.81,70,20,16.11,few clouds,0,0
530,Forio,IT,40.7342,13.8646,62.42,83,99,4.0,overcast clouds,0,0
531,Muisne,EC,0.6,-80.0333,78.96,83,88,11.41,overcast clouds,0,0
532,Bull Savanna,JM,17.8868,-77.5902,81.82,63,29,14.03,scattered clouds,0,0
533,Ternate,ID,0.8,127.4,81.66,81,99,3.27,overcast clouds,0,0
534,Bayir,TR,37.2687,28.2167,57.72,65,73,1.66,broken clouds,0,0
535,Tromso,NO,69.6496,18.957,32.38,93,75,16.11,broken clouds,0,0
536,Polyarnyy,RU,69.1989,33.4478,32.23,74,100,8.37,overcast clouds,0,0
537,Alegrete,BR,-29.7831,-55.7919,65.77,80,78,3.65,broken clouds,0,0
538,Tuatapere,NZ,-46.1333,167.6833,51.67,90,100,3.33,light rain,0,0
539,Hambantota,LK,6.1241,81.1185,82.15,82,88,19.22,overcast clouds,0,0
540,Cassilandia,BR,-19.1133,-51.7342,74.48,55,0,4.03,clear sky,0,0
541,Fort Saint James,CA,54.4333,-124.25,47.46,58,100,4.09,overcast clouds,0,0
542,Benxi,CN,41.2886,123.765,39.52,57,0,2.3,clear sky,0,0
543,Tarko-Sale,RU,64.9225,77.785,33.53,98,100,13.82,overcast clouds,0,0
544,Sivaganga,IN,9.8667,78.4833,86.41,48,100,4.99,overcast clouds,0,0
545,Sao Gabriel Da Cachoeira,BR,-0.1303,-67.0892,78.91,91,54,2.35,broken clouds,0,0
546,Lubao,PH,14.9167,120.55,80.67,82,62,5.39,broken clouds,0,0
547,Vila,PT,42.0304,-8.1588,56.28,68,47,0.54,scattered clouds,0,0
548,Quesnel,CA,52.9999,-122.5029,50.5,46,75,3.44,broken clouds,0,0
549,Shingu,JP,33.7333,135.9833,59.72,73,70,4.81,broken clouds,0,0
550,Mulege,MX,26.8833,-111.9833,89.01,24,0,5.99,clear sky,0,0
551,Taian,CN,36.1853,117.12,48.85,66,99,3.31,overcast clouds,0,0
552,Novouzensk,RU,50.4592,48.1431,47.64,69,100,8.55,overcast clouds,0,0
553,Krasnyy Chikoy,RU,50.3643,108.7512,35.6,95,100,11.88,overcast clouds,0,0
554,Marevo,RU,57.3146,32.0804,35.35,71,36,5.35,scattered clouds,0,0
555,Alta Floresta,BR,-9.8756,-56.0861,91.22,55,20,5.75,few clouds,0,0
556,Jacqueville,CI,5.2052,-4.4146,81.73,81,100,12.39,light rain,0,0
557,Kalianget,ID,-7.05,113.9333,81.19,82,100,8.08,moderate rain,0,0
558,Nha Trang,VN,12.25,109.1833,78.8,92,88,4.34,overcast clouds,0,0
559,Kande,TG,9.9578,1.0447,85.48,55,66,12.28,light rain,0,0
560,Le Port,RE,-20.9373,55.2919,73.36,75,0,3.53,clear sky,0,0
561,Caravelas,BR,-17.7125,-39.2481,72.82,89,100,9.95,overcast clouds,0,0
562,Igarka,RU,67.4667,86.5833,-2.58,100,36,6.17,scattered clouds,0,0
563,Roald,NO,62.5833,6.1333,49.33,66,0,17.27,clear sky,0,0
564,Maxixe,MZ,-23.8597,35.3472,70.45,88,0,6.35,light rain,0,0
565,Darovskoy,RU,58.77,47.9564,49.37,68,49,10.04,scattered clouds,0,0
566,Kasongo-Lunda,CD,-6.4667,16.8167,76.42,73,76,0.96,broken clouds,0,0
567,Huilong,CN,31.8111,121.655,59.94,68,4,10.54,clear sky,0,0
568,Butte,US,39.6499,-121.5677,64.9,25,0,11.5,clear sky,0,0
569,Masaka,UG,-0.3338,31.7341,62.83,94,100,4.52,overcast clouds,0,0
570,Gazanjyk,TM,39.2446,55.5154,64.87,71,100,17.72,overcast clouds,0,0
571,Luchenza,MW,-16.0069,35.3095,64.62,81,80,3.24,broken clouds,0,0
572,Pipraich,IN,26.8264,83.53,84.94,46,0,11.63,clear sky,0,0
573,Ponta Delgada,PT,37.7333,-25.6667,67.5,72,20,8.05,few clouds,0,0
574,Ursulo Galvan,MX,22.7333,-98.3,83.34,36,2,13.8,clear sky,0,0
575,Halifax,CA,44.6453,-63.5724,53.49,54,75,10.36,broken clouds,0,0
576,Asopos,GR,36.7333,22.8667,59.14,72,29,4.43,scattered clouds,0,0
577,Adamas,GR,36.7333,24.4333,61.7,76,100,7.11,overcast clouds,0,0
578,Letka,RU,59.6011,49.4232,49.3,67,38,10.58,scattered clouds,0,0
579,Iquique,CL,-20.2208,-70.1431,66.24,76,8,9.89,clear sky,0,0
580,Egvekinot,RU,66.3167,-179.1667,27.57,91,100,1.81,overcast clouds,0,0
581,Ouesso,CG,1.6136,16.0517,74.73,82,100,2.37,overcast clouds,0,0
582,Surt,LY,31.2089,16.5887,64.92,78,0,11.36,clear sky,0,0
583,Inongo,CD,-1.95,18.2667,71.71,96,100,4.07,light rain,0,0
584,Monroe,US,43.1501,-77.6831,64.44,32,0,17.27,clear sky,0,0
585,Carutapera,BR,-1.195,-46.02,74.98,96,99,4.16,overcast clouds,0,0
586,Sioux Lookout,CA,50.1001,-91.917,44.67,100,100,9.22,mist,0,0
587,Dori,BF,14.0354,-0.0345,97.23,14,15,6.64,few clouds,0,0
588,Pemangkat,ID,1.1667,108.9667,78.31,83,100,5.01,overcast clouds,0,0
589,Bezhetsk,RU,57.7851,36.6965,41.04,86,100,6.49,overcast clouds,0,0
590,Beitbridge,ZW,-22.2167,30.0,73.13,38,24,6.06,few clouds,0,0
591,Nelson Bay,AU,-32.7167,152.15,53.01,89,0,6.91,clear sky,0,0
592,Nizwa,OM,22.9333,57.5333,84.85,24,0,3.42,clear sky,0,0
593,Sturgeon Falls,CA,46.3646,-79.9326,69.13,35,27,3.71,scattered clouds,0,0
594,Villaviciosa,ES,43.4813,-5.4357,60.6,80,1,4.43,clear sky,0,0
595,Mikhaylovka,RU,50.06,43.2379,52.7,57,6,4.9,clear sky,0,0
596,Iwanai,JP,42.9744,140.5089,46.87,79,2,8.9,clear sky,0,0
597,Sungaipenuh,ID,-2.0833,101.3833,65.52,90,97,0.98,overcast clouds,0,0
598,Baoqing,CN,46.3317,132.2111,45.84,48,3,6.87,clear sky,0,0
599,Barkhan,PK,29.8977,69.5256,79.23,12,16,3.2,few clouds,0,0
600,Anahuac,MX,27.2333,-100.15,107.2,20,15,6.98,few clouds,0,0
601,Grao Mogol,BR,-16.5594,-42.8897,72.75,53,99,4.68,overcast clouds,0,0
602,Itoman,JP,26.1247,127.6694,75.97,92,75,8.05,broken clouds,0,0
603,Flinders,AU,-34.5833,150.8552,57.18,88,96,3.0,light rain,0,0
604,Mopipi,BW,-21.1833,24.8833,66.38,31,0,9.1,clear sky,0,0
605,Sedalia,US,38.7045,-93.2283,76.42,53,100,16.11,overcast clouds,0,0
606,Morant Bay,JM,17.8815,-76.4093,85.62,67,16,8.7,few clouds,0,0
607,Tavda,RU,58.0425,65.2726,46.92,66,41,4.25,scattered clouds,0,0
608,Saint-Joseph,RE,-21.3667,55.6167,70.18,81,19,7.87,few clouds,0,0
609,Manicore,BR,-5.8092,-61.3003,82.54,79,26,1.52,scattered clouds,0,0
610,Carbonia,IT,39.1672,8.5222,59.95,91,27,3.13,scattered clouds,0,0
611,Khuzhir,RU,53.1939,107.3397,31.98,65,100,12.8,overcast clouds,0,0
612,Forestville,US,38.8451,-76.875,56.26,52,40,16.11,scattered clouds,0,0
613,Englewood,US,39.6478,-104.9878,76.73,30,75,20.71,broken clouds,0,0
614,Debre Birhan,ET,9.6833,39.5333,55.27,65,25,5.61,scattered clouds,0,0
615,Matara,LK,5.9485,80.5353,80.64,89,94,13.44,overcast clouds,0,0
616,Sibu,MY,2.3,111.8167,75.51,100,40,3.44,scattered clouds,0,0
617,Moose Factory,CA,51.2585,-80.6094,71.6,21,0,12.66,clear sky,0,0
618,Diffa,NE,13.3154,12.6113,93.81,15,72,7.09,broken clouds,0,0
619,Masunga,BW,-20.6246,27.4488,63.27,35,1,3.29,clear sky,0,0
620,Rio Tercero,AR,-32.173,-64.1141,73.8,43,98,10.69,overcast clouds,0,0
621,Gravelbourg,CA,49.8834,-106.5512,61.07,33,72,10.38,broken clouds,0,0
622,Boundiali,CI,9.5217,-6.4869,74.62,85,94,1.59,light rain,0,0
623,Antofagasta,CL,-23.65,-70.4,65.48,76,0,5.46,clear sky,0,0
624,Zhezkazgan,KZ,47.8043,67.7144,54.19,34,99,17.65,overcast clouds,0,0
625,Yarada,IN,17.65,83.2667,84.52,74,20,2.3,few clouds,0,0
626,Malanje,AO,-9.5402,16.341,69.17,74,49,1.9,scattered clouds,0,0
627,Pitiquito,MX,30.7,-112.0833,92.34,8,0,26.73,clear sky,0,0
628,Bavly,RU,54.393,53.2602,47.64,51,100,2.82,overcast clouds,0,0
629,Oltu,TR,40.5498,42.0013,41.88,83,79,3.36,broken clouds,0,0
630,Chifeng,CN,42.2683,118.9636,45.52,43,0,5.48,clear sky,0,0
631,Burgeo,CA,47.6167,-57.6152,44.82,49,0,14.18,clear sky,0,0
632,Huacho,PE,-11.1067,-77.605,69.22,78,75,8.75,broken clouds,0,0
633,Rasht,IR,37.2808,49.5832,57.02,100,100,4.61,light intensity drizzle,0,0
634,Azangaro,PE,-14.9167,-70.2167,58.14,30,40,13.4,scattered clouds,0,0
635,Sechura,PE,-5.5569,-80.8222,76.41,60,85,19.15,overcast clouds,0,0
636,Geraldton,AU,-28.7667,114.6,55.81,88,0,9.22,clear sky,0,0
637,Gushikawa,JP,26.3544,127.8686,75.2,96,75,6.91,broken clouds,0,0
638,Ambilobe,MG,-13.2,49.05,72.66,93,17,3.27,few clouds,0,0
639,Chongwe,ZM,-15.3292,28.682,64.74,70,45,3.11,scattered clouds,0,0
640,Chapais,CA,49.7834,-74.8492,60.58,38,18,3.65,few clouds,0,0
641,Vuktyl,RU,63.8567,57.3094,45.9,76,22,11.27,few clouds,0,0
642,Saldanha,ZA,-33.0117,17.9442,53.65,88,97,8.59,overcast clouds,0,0
643,Newport,GB,51.5877,-2.9984,57.69,88,58,5.88,broken clouds,0,0
644,Barrhead,GB,55.7992,-4.3929,55.76,82,99,4.61,overcast clouds,0,0
645,Benguela,AO,-12.5763,13.4055,75.02,82,4,1.99,clear sky,0,0
646,Hay River,CA,60.8156,-115.7999,31.98,86,100,17.27,light snow,0,0
647,Aksu,CN,41.1231,80.2644,71.91,29,0,5.73,clear sky,0,0
648,Daru,PG,-9.0763,143.2092,80.91,91,71,9.89,broken clouds,0,0
649,Eureka,US,40.8021,-124.1637,50.2,73,100,7.0,overcast clouds,0,0
650,Cassia,BR,-20.5831,-46.9219,71.42,68,90,4.14,overcast clouds,0,0
651,Vila Do Maio,CV,15.1333,-23.2167,74.19,81,30,16.53,scattered clouds,0,0
652,Mahajanga,MG,-15.7167,46.3167,80.62,83,20,5.75,few clouds,0,0
653,La Romana,DO,18.4273,-68.9728,84.56,79,20,11.5,few clouds,0,0
654,Trincomalee,LK,8.5711,81.2335,83.66,79,100,18.52,light rain,0,0
655,Gilgit,PK,35.9221,74.3087,71.28,32,0,3.69,clear sky,0,0
656,Fasa,IR,28.9383,53.6482,67.24,22,0,4.61,clear sky,0,0
657,Pishva,IR,35.308,51.7267,65.1,36,1,27.65,clear sky,0,0
658,Oranjestad,AW,12.524,-70.027,85.95,70,40,20.71,scattered clouds,0,0
659,Fernie,CA,49.5,-115.0687,50.09,90,100,6.17,overcast clouds,0,0
660,Trairi,BR,-3.2778,-39.2689,77.7,88,100,7.7,overcast clouds,0,0
661,Najran,SA,17.4924,44.1277,83.05,17,0,3.04,clear sky,0,0
662,Lazurne,UA,46.084,32.5295,53.06,61,3,4.59,clear sky,0,0
663,Tucuman,AR,-26.8241,-65.2226,69.8,68,40,11.5,scattered clouds,0,0
664,Ampanihy,MG,-24.7,44.75,71.26,80,38,1.97,scattered clouds,0,0
665,Chipata,ZM,-13.6333,32.65,63.63,78,56,4.38,broken clouds,0,0
666,Tralee,IE,52.2704,-9.7026,54.43,89,100,6.24,overcast clouds,0,0
667,Udachnyy,RU,66.4167,112.4,7.3,94,92,7.85,overcast clouds,0,0
668,San Cristobal,VE,7.7669,-72.225,80.78,64,92,5.32,overcast clouds,0,0
669,Lagos,NG,6.5833,3.75,82.72,85,22,7.25,few clouds,0,0
670,Haines Junction,CA,60.7522,-137.5108,48.15,43,13,6.91,few clouds,0,0
671,Kavieng,PG,-2.5744,150.7967,84.38,67,100,17.76,overcast clouds,0,0
672,Upleta,IN,21.7333,70.2833,82.49,68,2,10.36,clear sky,0,0
673,Kaeo,NZ,-35.1,173.7833,58.32,97,93,8.63,overcast clouds,0,0
674,Dalianwan,CN,39.0286,121.695,41.04,100,81,6.71,broken clouds,0,0
675,Marsa Matruh,EG,31.3525,27.2453,68.2,77,0,14.97,clear sky,0,0
676,Pringsewu,ID,-5.3582,104.9744,75.33,89,100,4.25,overcast clouds,0,0
677,Sumeg,HU,46.977,17.2821,61.05,79,100,4.47,overcast clouds,0,0
678,Lorengau,PG,-2.0226,147.2712,83.71,73,70,16.69,broken clouds,0,0
679,Yaviza,PA,8.1537,-77.6931,84.4,82,87,3.44,overcast clouds,0,0
680,Calabozo,VE,8.9242,-67.4293,89.19,46,88,2.8,overcast clouds,0,0
681,Malanville,BJ,11.8685,3.3899,91.11,37,64,3.47,light rain,0,0
682,Calabar,NG,4.9517,8.322,77.22,94,97,4.25,overcast clouds,0,0
683,Winnemucca,US,40.973,-117.7357,46.45,53,100,17.34,overcast clouds,0,0
684,Vardo,NO,70.3705,31.1107,26.58,80,0,9.22,clear sky,0,0
685,Borujerd,IR,33.8973,48.7516,53.83,54,31,4.9,scattered clouds,0,0
686,Sakakah,SA,29.9697,40.2064,71.17,16,65,5.97,broken clouds,0,0
