City_ID,City,Country,Max Temp,Current Description,Lat,Lng,Hotel Name
0,Puerto Ayora,EC,78.76,scattered clouds,-0.7393,-90.3518,Finch Bay Galapagos Hotel
5,Katobu,ID,76.84,overcast clouds,-4.9408,122.5276,La Ode Husein
9,Boa Vista,BR,82.38,broken clouds,2.8197,-60.6733,Aipana Plaza Hotel
15,Mar Del Plata,AR,71.62,clear sky,-38.0023,-57.5575,Gran Hotel Mar del Plata
17,Vaini,TO,77.16,few clouds,-21.2,-175.2,Keleti Beach Resort
18,Rikitea,PF,76.37,overcast clouds,-23.1203,-134.9692,People ThankYou
24,Jamestown,US,65.95,clear sky,42.097,-79.2353,Hampton Inn & Suites Jamestown
27,Bengkulu,ID,77.16,light rain,-3.8004,102.2655,Grage Hotel Bengkulu
30,Georgetown,MY,82.33,moderate rain,5.4112,100.3354,Cititel Penang
31,Arlit,NE,93.87,overcast clouds,18.7369,7.3853,Case de Passage De la Prefecture
33,Kaduqli,SD,91.56,overcast clouds,11.0167,29.7167,Nussyba
34,Padang,ID,78.35,overcast clouds,-0.9492,100.3543,Mercure Padang
35,Cabo San Lucas,MX,88.61,overcast clouds,22.8909,-109.9124,Hotel Tesoro Los Cabos
40,Palmerston,AU,75.18,clear sky,-12.486,130.9833,Quest Palmerston - Serviced Apartments and Accommodation
44,Faanui,PF,82.09,light rain,-16.4833,-151.75,Bora-Bora Pearl Beach Resort & Spa
46,Souillac,MU,75.58,few clouds,-20.5167,57.5167,Shanti Maurice Resort & Spa
47,Kapaa,US,80.58,scattered clouds,22.0752,-159.319,Sheraton Kauai Coconut Beach Resort
49,Butaritari,KI,82.0,few clouds,3.0707,172.7902,Isles Sunset Lodge
50,Namibe,AO,73.22,clear sky,-15.1961,12.1522,Hotel Chik Chik Namibe
51,Hithadhoo,MV,82.96,overcast clouds,-0.6,73.0833,Scoop Guest House
52,Saint-Philippe,RE,71.19,scattered clouds,-21.3585,55.7679,"Chambres d'h√¥te ""La Trinit√©"""
58,Dumas,US,87.94,clear sky,35.8656,-101.9732,"Holiday Inn Express & Suites Dumas, an IHG Hotel"
67,Ijui,BR,71.62,clear sky,-28.3878,-53.9147,Hotel Vera Cruz
69,Atuona,PF,78.6,clear sky,-9.8,-139.0333,Villa Enata
71,Abonnema,NG,79.09,overcast clouds,4.7084,6.7931,Corper's Lodge Obonoma
74,Sao Filipe,CV,73.49,clear sky,14.8961,-24.4956,Hotel Xaguate
75,Pisco,PE,73.45,dust,-13.7,-76.2167,Hotel San Isidro Oficial
78,Hilo,US,91.27,light rain,19.7297,-155.09,Hilo Hawaiian Hotel
84,Tamale,GH,80.11,moderate rain,9.4008,-0.8393,Tap Hotel
86,Mana,GF,79.99,scattered clouds,5.6592,-53.7767,LE SAMANA
87,Hurghada,EG,80.64,clear sky,27.2574,33.8129,Sea Star Beau Rivage Hotel
90,Port Blair,IN,78.84,overcast clouds,11.6667,92.75,"Welcomhotel By ITC Hotels, Bay Island, Port Blair"
91,Bac Lieu,VN,80.58,overcast clouds,9.285,105.7244,Kh√°ch s·∫°n S√†i G√≤n B·∫°c Li√™u
98,Biak,ID,77.04,overcast clouds,-0.9131,122.8766,Penginapan Kim
100,Isangel,VU,76.51,scattered clouds,-19.55,169.2667,Tanna Lodge
103,Mackay,AU,70.68,broken clouds,-21.15,149.2,International Lodge Motel
104,Upata,VE,72.19,overcast clouds,8.0086,-62.3989,Posada Villa Nela
107,Amuntai,ID,75.25,overcast clouds,-2.4177,115.2494,Hotel Balqis
109,Sao Joao Da Barra,BR,75.29,few clouds,-21.6403,-41.0511,Pousada Porto De Canoas
110,Arenapolis,BR,80.04,few clouds,-14.4503,-56.8461,Mato Grosso Hotel
111,Guerrero Negro,MX,67.17,clear sky,27.9769,-114.0611,"Casa Laguna, Bed & Breakfast"
112,Cabedelo,BR,81.27,overcast clouds,-6.9811,-34.8339,Hotel Pigalle
114,Saint George,US,84.63,clear sky,37.1041,-113.5841,Best Western Plus Abbey Inn
116,Grand Island,US,75.24,scattered clouds,40.925,-98.342,Fairfield Inn & Suites by Marriott Grand Island
117,Sawakin,SD,80.62,clear sky,19.1059,37.3321,ŸÅŸÜÿØŸÇ ÿßŸÑÿØŸàŸäŸÖ
118,Tabou,CI,78.94,overcast clouds,4.423,-7.3528,hot√™l doufoulougou
119,Avarua,CK,84.25,scattered clouds,-21.2078,-159.775,Paradise Inn
120,Puri,IN,82.92,overcast clouds,19.8,85.85,OYO 1577 Hotel Shree Hari Grand
121,Basco,PH,82.99,overcast clouds,20.4487,121.9702,Nathaniel's Lodge
123,Arraial Do Cabo,BR,75.06,broken clouds,-22.9661,-42.0278,Pousada Porto Praia
124,Maldonado,UY,72.79,clear sky,-34.6667,-54.9167,La Cimarrona
127,Bowen,AU,72.7,overcast clouds,-20.0167,148.2333,Castle Motor Lodge Motel
131,Atambua,ID,72.9,scattered clouds,-9.1061,124.8925,Kost Alfa Flat
132,Lamu,KE,79.02,light rain,-2.2717,40.902,Lamu House
133,Makakilo City,US,80.92,broken clouds,21.3469,-158.0858,Marriott's Ko Olina Beach Club
134,Siocon,PH,78.87,overcast clouds,7.7061,122.1353,ABS Hotel
140,Hargeysa,SO,73.02,broken clouds,9.56,44.065,City Center Hotel
141,El Alto,PE,74.86,scattered clouds,-4.2714,-81.2147,Black Marlin Restaurant & Hospedaje
143,Ponta Do Sol,PT,65.01,broken clouds,32.6667,-17.1,Hotel do Campo
149,Steubenville,US,67.44,clear sky,40.3698,-80.634,University hotel steubenville
152,Villa Rica,US,71.38,scattered clouds,33.7321,-84.9191,Days Inn by Wyndham Villa Rica
157,Quatre Cocos,MU,75.31,scattered clouds,-20.2078,57.7625,Sunrise Attitude Hotel
160,Gat,IL,68.4,clear sky,31.61,34.7642,OlusHome
161,Carauari,BR,80.33,scattered clouds,-4.8828,-66.8958,Hotel Fellip
165,Saint-Pierre,RE,71.91,clear sky,-21.3393,55.4781,Alize Plage
166,Cockburn Town,TC,79.47,clear sky,21.4612,-71.1419,Osprey Beach Hotel
170,Mount Isa,AU,67.77,light rain,-20.7333,139.5,ibis Styles Mt Isa Verona
175,Vao,NC,73.94,overcast clouds,-22.6667,167.4833,Hotel Kou-Bugny
178,Biltine,TD,88.97,few clouds,14.5333,20.9167,H√¥tel Trois √âtoiles de Biltine
179,Mahibadhoo,MV,84.33,overcast clouds,3.7833,72.9667,Omadhoo Inn
180,Norsup,VU,79.18,clear sky,-16.0667,167.3833,Nabelchel Bungalows
181,Ca Mau,VN,80.37,overcast clouds,9.1769,105.15,Kh√°ch S·∫°n M∆∞·ªùng Thanh Luxury C√† Mau
185,Doha,QA,84.18,clear sky,25.2867,51.5333,Movenpick Hotel Doha
186,Tondano,ID,69.89,overcast clouds,1.3038,124.9112,Villa Bella
188,Dingle,PH,77.97,overcast clouds,10.9995,122.6711,SEGAYA PROPERTY
190,Shiloh,US,75.63,clear sky,38.5614,-89.8973,Hilton Garden Inn St. Louis Shiloh/O'Fallon IL
192,Quelimane,MZ,73.35,clear sky,-17.8786,36.8883,Hotel Flamingo
193,Victoria Point,AU,66.15,moderate rain,-27.5833,153.3,Bay Retreat Motel
194,Hervey Bay,AU,71.65,light rain,-25.2986,152.8535,Shelly Bay Resort
196,Amudat,UG,70.38,overcast clouds,1.95,34.95,Silent Night Hotel
200,Nago,JP,76.05,overcast clouds,26.5881,127.9761,Hotel Yugaf Inn Okinawa
203,Wuxue,CN,68.13,overcast clouds,29.8506,115.5525,Wuxue Station Hostel
204,San Patricio,US,94.15,clear sky,28.017,-97.5169,"Motel 6 Sinton, TX"
206,Qui Nhon,VN,77.23,overcast clouds,13.7667,109.2333,Kh√°ch s·∫°n H·∫£i √Çu Quy Nh∆°n - Seagull Hotel
207,Mecca,SA,81.9,clear sky,21.4267,39.8261,"Makkah Clock Royal Tower, A Fairmont Hotel"
208,Touros,BR,79.14,overcast clouds,-5.1989,-35.4608,INN NEW HORIZON
209,Yanam,IN,80.92,broken clouds,16.7333,82.2167,The Regency Hotel
210,Lompoc,US,72.57,clear sky,34.6391,-120.4579,"Holiday Inn Express Lompoc, an IHG Hotel"
213,Lincoln,US,71.56,overcast clouds,40.8,-96.667,Courtyard by Marriott Lincoln Downtown/Haymarket
217,Cidreira,BR,66.51,clear sky,-30.1811,-50.2056,Hotel Castelo
218,Harper,LR,76.46,overcast clouds,4.375,-7.7169,Screensaver
221,Richards Bay,ZA,65.41,light rain,-28.783,32.0377,BON Hotel Waterfront Richards Bay
225,Kano,NG,91.29,clear sky,12.0001,8.5167,Royal Tropicana Hotel
226,Paita,PE,72.52,overcast clouds,-5.0892,-81.1144,Hotel N√°utico de Paita
229,Pontianak,ID,75.18,broken clouds,-0.0333,109.3333,Aston Pontianak Hotel & Convention Center
230,Salalah,OM,84.29,scattered clouds,17.0151,54.0924,"HAMDAN PLAZA HOTEL SALALAH, an HTG Hotel"
231,Nouadhibou,MR,66.18,few clouds,20.931,-17.0347,El Medina
233,Awbari,LY,72.07,clear sky,26.5921,12.7805,ŸÅŸÜÿØŸÇ ÿ£Ÿàÿ®ÿßÿ±Ÿä
235,Monrovia,LR,77.74,light rain,6.3005,-10.7969,Sunset Inn
244,Progress,US,65.75,clear sky,40.2851,-76.8314,Hilton Garden Inn Harrisburg East
245,Honiara,SB,80.37,overcast clouds,-9.4333,159.95,Heritage Park Hotel
246,Vila Franca Do Campo,PT,67.19,broken clouds,37.7167,-25.4333,Pestana Bahia Praia
247,Balikpapan,ID,77.99,scattered clouds,-1.2675,116.8289,Swiss-Belhotel Balikpapan
249,Santa Cruz Del Norte,CU,83.14,scattered clouds,23.1539,-81.9236,Rioger Art
250,Makasar,ID,77.05,few clouds,-5.14,119.4221,Aryaduta Makassar
251,Viedma,AR,65.19,overcast clouds,-40.8135,-62.9967,Hotel Cristal
253,Coahuayana,MX,88.0,few clouds,18.7333,-103.6833,El rranchito michuacan de ocampos
254,Champerico,GT,93.74,broken clouds,14.3,-91.9167,"Hotel y restaurante ""El Diamante"""
257,Butterworth,MY,82.44,moderate rain,5.3991,100.3638,Cititel Penang
258,Mahebourg,MU,75.49,few clouds,-20.4081,57.7,Shandrani Beachcomber Resort & Spa
259,Kavaratti,IN,85.12,overcast clouds,10.5669,72.642,Hotels in Lakshadweep Islands
260,Mahina,PF,83.97,light rain,-17.5065,-149.489,Guest Beach Bungalow Tahiti
263,Kampot,KH,82.45,overcast clouds,10.6167,104.1833,Two Moons Hotel
264,Margherita,IN,74.98,scattered clouds,27.2833,95.6833,Dehing Guest House
265,Magaria,NE,93.34,broken clouds,12.9983,8.9099,Chez Honorable Chapiou
268,Kahului,US,84.22,scattered clouds,20.8947,-156.47,Maui Seaside Hotel
269,Veraval,IN,81.36,clear sky,20.9,70.3667,Lords Inn Somnath
272,Aswan,EG,87.1,clear sky,24.0934,32.907,Nuba Nile
273,Nishihara,JP,75.25,overcast clouds,26.1842,127.7558,Minshuku Agaihama
274,Galesong,ID,77.02,overcast clouds,-5.3166,119.3661,Sapriadi Appy
275,Nong Khai,TH,76.28,few clouds,17.9167,103.0833,‡∏à‡∏≤‡∏£‡∏∏‡∏ß‡∏£‡∏£‡∏ì ‡∏ß‡∏á‡∏ä‡∏±‡∏¢‡∏¢‡∏≤
277,Sabang,ID,82.49,overcast clouds,5.8933,95.3214,Hotel Citra
279,Tanete,ID,75.42,overcast clouds,-3.9443,119.7848,Wisma Tri Multi
281,Inhambane,MZ,71.56,light rain,-23.865,35.3833,Oceano
282,Komsomolskiy,UZ,70.52,clear sky,40.4272,71.7189,Ikathouse
283,Chimbote,PE,67.77,overcast clouds,-9.0853,-78.5783,Hotel Brili√°
285,Sao Marcos,BR,69.75,clear sky,-28.9711,-51.0681,Hotel S√£o Marcos
286,Metro,ID,77.09,overcast clouds,-5.1131,105.3067,OYO 3177 Wisma Lintang
288,Puerto Leguizamo,CO,80.22,overcast clouds,-0.1934,-74.7819,la casona de juancho
289,Norwalk,US,73.51,broken clouds,33.9022,-118.0817,DoubleTree by Hilton Hotel Los Angeles - Norwalk
290,Naze,JP,70.72,overcast clouds,28.3667,129.4833,Shishime Hotel
291,Longyan,CN,66.43,overcast clouds,25.1072,117.0225,Jinjiang Inn Longyan Zhongshan Road Pedestrian Street
293,Colares,PT,71.28,clear sky,38.7992,-9.4469,Arribas Sintra Hotel
294,Gizo,SB,83.03,light rain,-8.103,156.8419,Imagination Island
297,Hirara,JP,77.43,overcast clouds,24.8,125.2833,Hotel Atoll Emerald Miyakojima
300,Nichinan,JP,66.45,overcast clouds,31.6,131.3667,Guest House Aki
302,Hamilton,US,72.64,clear sky,39.1834,-84.5333,Six Acres Bed & Breakfast
303,Meulaboh,ID,77.0,overcast clouds,4.1363,96.1285,Kost Pria
304,Bubaque,GW,77.2,light rain,11.2833,-15.8333,"Casa Dora, Bubaque"
306,Pochutla,MX,91.81,few clouds,15.7432,-96.4661,Hotel Posada San Jose
311,Sukabumi,ID,72.54,overcast clouds,-6.9181,106.9267,The Bountie Hotels and Convention Center Sukabumi
313,Alofi,NU,76.89,drizzle,-19.0595,-169.9187,Taloa Heights
318,Butwal,NP,78.01,few clouds,27.7006,83.4484,Hotel Sindoor Pvt. Ltd.
320,Iralaya,HN,85.1,broken clouds,15.0,-83.2333,Iglesia morava renovada
321,Pesqueira,BR,70.7,broken clouds,-8.3578,-36.6964,Pousada do Jo√£o
323,Chalmette,US,89.01,clear sky,29.9427,-89.9634,Marina Inn & Suites Chalmette-New Orleans
324,Totness,SR,80.15,overcast clouds,5.8833,-56.3167,STAATS LOGEERGEBOUW TOTNESS
329,Camapua,BR,73.38,clear sky,-19.5314,-54.0439,Comercial Estrela
331,Tshikapa,CD,73.58,overcast clouds,-6.4167,20.8,Tatem beach
333,Kihei,US,84.22,scattered clouds,20.785,-156.4656,Maui Sunset
337,Victoria,HK,77.38,overcast clouds,22.2855,114.1577,Mini Hotel Central
342,Huarmey,PE,69.89,overcast clouds,-10.0681,-78.1522,Hotel Miramar
344,Black River,JM,83.88,few clouds,18.0264,-77.8487,Idlers' Rest Beach Hotel
345,Diamantino,BR,79.93,clear sky,-14.4086,-56.4461,Hotel Delta
346,Kongolo,CD,70.74,light rain,-5.3833,27.0,GUEST HOUSE OASIS
347,Acajutla,SV,85.89,broken clouds,13.5928,-89.8275,Laureles
348,Weligama,LK,80.78,overcast clouds,5.9667,80.4167,Weligama Bay Resort
350,Jalu,LY,73.45,clear sky,29.0331,21.5482,ÿµÿßÿ≠ÿ®ÿ© ÿßŸÑŸÅÿÆÿßŸÖÿ©
351,Bellavista,PE,85.71,broken clouds,-7.0561,-76.5911,Hospedaje Bella Durmiente
352,Tual,ID,84.11,moderate rain,-5.6667,132.75,Grand Vilia Hotel
357,Nuevo Progreso,MX,94.53,few clouds,23.1667,-97.95,Balneario Rio el Paraiso
360,Prado,BR,72.86,overcast clouds,-17.3411,-39.2208,INN CORNER RIVER - PRADO - BAHIA - HOUSING AND HOTEL
361,Magole,TZ,69.13,overcast clouds,-6.3667,37.3667,Juma lubelwa
362,Pangkalanbuun,ID,74.14,moderate rain,-2.6833,111.6167,Grand Kecubung Hotel
364,Popondetta,PG,76.57,overcast clouds,-8.7537,148.2534,Timos Transit House
365,Bontang,ID,77.02,overcast clouds,0.1333,117.5,KOPKAR Hotel Bintang Sintuk
366,Ranong,TH,78.98,overcast clouds,9.9658,98.6348,Tinidee Hotel@Ranong
368,Bud,US,71.82,broken clouds,39.447,-86.1758,Ted McQuinn Trust
374,Aracati,BR,79.41,overcast clouds,-4.5617,-37.7697,Motel Pousada Milleniun - Aracati-CE
379,Nautla,MX,90.3,few clouds,20.2167,-96.7833,Casa Blanca
380,Challans,FR,68.2,overcast clouds,46.8436,-1.8749,Citotel Le Challans
387,Kailua,US,82.38,scattered clouds,21.4022,-157.7394,Sheffield House Bed & Breakfast
388,Luyang,CN,66.87,overcast clouds,27.6239,110.0989,Zhijia Fashion Hotel
389,San Matias,BO,81.77,clear sky,-16.3667,-58.4,"HOTEL ""SAN JOSE"""
390,Kawalu,ID,73.24,overcast clouds,-7.3817,108.2082,West Jontor
391,Luorong,CN,71.44,overcast clouds,24.4058,109.6086,Ëç£Á´ãÂ§ßÈÖíÂ∫ó
392,Nisia Floresta,BR,81.41,overcast clouds,-6.0911,-35.2086,Rancho Crepusculo
393,Puerto Escondido,MX,88.68,broken clouds,15.85,-97.0667,Aldea del Bazar Hotel and Spa
396,Bambous Virieux,MU,75.45,few clouds,-20.3428,57.7575,Casa Tia Villa
398,Soyo,AO,78.21,few clouds,-6.1349,12.3689,Hotel Mpampa
402,Concepcion De Ataco,SV,82.98,broken clouds,13.8703,-89.8486,Hotel Misi√≥n de Angeles
404,Abu Kamal,SY,70.07,clear sky,34.4506,40.9171,ÿßŸÑÿ®ŸàŸÉŸÖÿßŸÑ
408,Omboue,GA,78.06,scattered clouds,-1.5746,9.2618,Hotel Olako
410,Ugoofaaru,MV,84.0,overcast clouds,5.6667,73.0,Ungoofaaru Inn
412,Eyl,SO,83.3,scattered clouds,7.9803,49.8164,Amiin Hotel
417,Khandbari,NP,68.95,overcast clouds,27.3747,87.2039,Sainik Hotel And Lodge
418,Buraydah,SA,81.05,clear sky,26.326,43.975,M√∂venpick Qassim
419,Miranda,CO,86.13,overcast clouds,3.2499,-76.2281,unidiversidad organica la utopia
422,Kismayo,SO,80.04,light rain,-0.3582,42.5454,Agan-Hotel
423,El Vendrell,ES,65.75,broken clouds,41.2167,1.5333,Le M√©ridien Ra Beach Hotel & Spa
425,Port-Gentil,GA,82.36,scattered clouds,-0.7193,8.7815,Fengshui Residence
426,Mocuba,MZ,65.93,clear sky,-16.8392,36.9856,Phama Lodge
431,Samarai,PG,82.62,broken clouds,-10.6167,150.6667,Nuli Sapi
432,Celestun,MX,88.27,clear sky,20.8667,-90.4,Posada Lilia
433,Sur,OM,88.59,clear sky,22.5667,59.5289,Sur Plaza Hotel
436,Sungairaya,ID,78.19,moderate rain,0.7,108.9,Rumah Kuku Moimoi Shelly
437,Camiri,BO,76.78,overcast clouds,-20.05,-63.5167,J R Hotel
439,Marawi,PH,69.73,overcast clouds,7.9986,124.2928,Derogongan Residence
440,Canon City,US,82.38,clear sky,38.441,-105.2424,Travel Inn Motel
441,Belmonte,BR,75.42,moderate rain,-15.8631,-38.8828,Pousada Monte Carmelo O P√£o
445,Mananara,MG,73.2,light rain,-16.1667,49.7667,Chez Roger
449,Jacareacanga,BR,82.78,scattered clouds,-6.2222,-57.7528,Casa do Ianüòé
454,Gillette,US,66.11,clear sky,44.2911,-105.5022,National 9 Inn - Gillette WY
459,Urucui,BR,82.22,overcast clouds,-7.2294,-44.5561,Hotel Premium Piau√≠
462,Antalaha,MG,73.54,few clouds,-14.9003,50.2788,Hotel Vitasoa
463,Cuamba,MZ,67.03,scattered clouds,-14.8031,36.5372,Hotel Vision
464,Cap Malheureux,MU,73.47,clear sky,-19.9842,57.6142,Pereybere Hotel & Spa
465,Asfi,MA,68.32,few clouds,32.2994,-9.2372,H√¥tel Abda
467,Ormara,PK,81.19,clear sky,25.2088,64.6357,Kenara Colony house for Rent
468,Guia Lopes Da Laguna,BR,75.09,clear sky,-21.4578,-56.1142,Donna Lu
476,Noumea,NC,75.0,overcast clouds,-22.2763,166.4572,H√¥tel Le Lagon
477,Buala,SB,81.97,moderate rain,-8.145,159.5921,Maringe Lagoon Lodge
479,Impfondo,CG,75.76,broken clouds,1.6381,18.0667,Auberge La Place de Jules
482,Jaisalmer,IN,86.56,clear sky,26.9147,70.9181,Hotel Fifu
485,Manoel Urbano,BR,82.17,overcast clouds,-8.8389,-69.2597,Baixada Beira Rio
486,Palembang,ID,80.69,scattered clouds,-2.9167,104.7458,ASTON Palembang Hotel & Conference Center
489,Alexandria,EG,69.76,clear sky,31.2156,29.9553,Royal Crown Hotel
490,Dakar,SN,72.48,scattered clouds,14.6937,-17.4441,Novotel Dakar
491,Anakapalle,IN,84.15,broken clouds,17.6833,83.0167,Satya Lodge
492,Pensacola,US,91.42,clear sky,30.4213,-87.2169,Days Inn by Wyndham Pensacola - Historic Downtown
493,Griffith,US,68.09,clear sky,41.5284,-87.4237,Apartment above Depot Bar
495,Bilma,NE,94.35,overcast clouds,18.6853,12.9164,Expeditions T√©n√©re voyages
496,Hun,LY,69.55,clear sky,29.1268,15.9477,Alrwasi Hotel
497,Port Hedland,AU,69.85,overcast clouds,-20.3167,118.5667,The Esplanade Hotel
498,San Clemente,US,72.05,broken clouds,33.427,-117.612,Casablanca Inn
499,Axim,GH,80.96,broken clouds,4.8699,-2.2405,Axim Beach Resort And Spa
506,Kununurra,AU,73.38,clear sky,-15.7667,128.7333,Hotel Kununurra
507,Corrente,BR,75.29,moderate rain,-3.7367,-43.3394,Chapadinhense Hotel
508,Santa Luzia,BR,78.94,few clouds,-19.7697,-43.8514,Pousada Chao Earth
509,Nyimba,ZM,70.7,broken clouds,-14.5566,30.8149,Dali Dali Lodge
514,Muros,ES,69.67,scattered clouds,42.7762,-9.0603,Apartment Av. Castelao
518,Mbanza-Ngungu,CD,69.69,light rain,-5.25,14.8667,Hotel Full Business
520,Kieta,PG,80.49,light rain,-6.2167,155.6333,Uruna Bay Retreat
522,Banjar,ID,77.67,overcast clouds,-8.19,114.9675,The Hamsa Resort
524,Laguna,US,66.06,broken clouds,38.421,-121.4238,"Holiday Inn Express & Suites Elk Grove Central - Hwy 99, an IHG Hotel"
525,Faya,SA,66.31,clear sky,18.3851,42.4509,ÿßŸÖŸÑÿßŸÉ ÿÆÿßŸÑÿØ ÿßŸÑÿ¥ÿπÿ¥Ÿàÿπ
526,Hami,CN,66.65,clear sky,42.8,93.45,Laoyutang Resort
529,Bathsheba,BB,84.81,few clouds,13.2167,-59.5167,Atlantis Hotel
531,Muisne,EC,78.96,overcast clouds,0.6,-80.0333,Quinta Samay
532,Bull Savanna,JM,81.82,scattered clouds,17.8868,-77.5902,Big Red's
533,Ternate,ID,81.66,overcast clouds,0.8,127.4,Sahid Bela Ternate Hotel
537,Alegrete,BR,65.77,broken clouds,-29.7831,-55.7919,Hotel Alegrete
539,Hambantota,LK,82.15,overcast clouds,6.1241,81.1185,Bungalow 63
540,Cassilandia,BR,74.48,clear sky,-19.1133,-51.7342,Delirius Motel
544,Sivaganga,IN,86.41,overcast clouds,9.8667,78.4833,Idhaya Towers
545,Sao Gabriel Da Cachoeira,BR,78.91,broken clouds,-0.1303,-67.0892,Alarne - √Årea De Lazer Do Alto Rio Negro
546,Lubao,PH,80.67,broken clouds,14.9167,120.55,Hacienda Gracia
550,Mulege,MX,89.01,clear sky,26.8833,-111.9833,Casa Granada
555,Alta Floresta,BR,91.22,few clouds,-9.8756,-56.0861,Floresta Amazonica Hotel
556,Jacqueville,CI,81.73,light rain,5.2052,-4.4146,Hotel Le Martin Pecheur
557,Kalianget,ID,81.19,moderate rain,-7.05,113.9333,Pesanggrahan Garam
558,Nha Trang,VN,78.8,overcast clouds,12.25,109.1833,Hanoi Golden Hotel
560,Le Port,RE,73.36,clear sky,-20.9373,55.2919,KORBEY D'OR OUEST
561,Caravelas,BR,72.82,overcast clouds,-17.7125,-39.2481,Pousada dos Navegantes
564,Maxixe,MZ,70.45,light rain,-23.8597,35.3472,Oceano
572,Pipraich,IN,84.94,clear sky,26.8264,83.53,Rajpoot niwas
573,Ponta Delgada,PT,67.5,few clouds,37.7333,-25.6667,Vila Nova Hotel
574,Ursulo Galvan,MX,83.34,clear sky,22.7333,-98.3,HOTEL LAS FUENTES DEL BERNAL
579,Iquique,CL,66.24,clear sky,-20.2208,-70.1431,Backpacker`s Hostel Iquique
581,Ouesso,CG,74.73,overcast clouds,1.6136,16.0517,ABENIE Hotel
583,Inongo,CD,71.71,light rain,-1.95,18.2667,Hotel Du Lac
585,Carutapera,BR,74.98,overcast clouds,-1.195,-46.02,Lidera
588,Pemangkat,ID,78.31,overcast clouds,1.1667,108.9667,Ramah Kost KITA
590,Beitbridge,ZW,73.13,few clouds,-22.2167,30.0,Beitbridge Express Hotel
592,Nizwa,OM,84.85,clear sky,22.9333,57.5333,Orient Apartments
593,Sturgeon Falls,CA,69.13,scattered clouds,46.3646,-79.9326,Lincoln Motel
597,Sungaipenuh,ID,65.52,overcast clouds,-2.0833,101.3833,Penginapan Citra Alam
599,Barkhan,PK,79.23,few clouds,29.8977,69.5256,Sardar
601,Grao Mogol,BR,72.75,overcast clouds,-16.5594,-42.8897,Pousada do Eti
602,Itoman,JP,75.97,broken clouds,26.1247,127.6694,Southern Beach Hotel & Resort Okinawa
605,Sedalia,US,76.42,overcast clouds,38.7045,-93.2283,Best Western State Fair Inn
606,Morant Bay,JM,85.62,few clouds,17.8815,-76.4093,Whispering Bamboo Cove Resort
608,Saint-Joseph,RE,70.18,few clouds,-21.3667,55.6167,"""Plantation Bed and Breakfast"
609,Manicore,BR,82.54,scattered clouds,-5.8092,-61.3003,Hotel Durval
613,Englewood,US,76.73,broken clouds,39.6478,-104.9878,InTown Suites Extended Stay Denver CO - Englewood
615,Matara,LK,80.64,overcast clouds,5.9485,80.5353,Amaloh Boutique Resort
616,Sibu,MY,75.51,scattered clouds,2.3,111.8167,RH HOTEL (4 Star)
617,Moose Factory,CA,71.6,clear sky,51.2585,-80.6094,Moosonee Lilypad
618,Diffa,NE,93.81,broken clouds,13.3154,12.6113,ProDAF/Diffa
620,Rio Tercero,AR,73.8,overcast clouds,-32.173,-64.1141,Hospedaje Las Violetas
622,Boundiali,CI,74.62,light rain,9.5217,-6.4869,Hotel Paysan Boundiali
623,Antofagasta,CL,65.48,clear sky,-23.65,-70.4,"Holiday Inn Express Antofagasta, an IHG Hotel"
625,Yarada,IN,84.52,few clouds,17.65,83.2667,Yarada Jungle Beach Resorts
626,Malanje,AO,69.17,scattered clouds,-9.5402,16.341,Hotel Ginga
627,Pitiquito,MX,92.34,clear sky,30.7,-112.0833,La V√≠spera
632,Huacho,PE,69.22,broken clouds,-11.1067,-77.605,Hotel Restaurant Tur√≠stico Casablanca
635,Sechura,PE,76.41,overcast clouds,-5.5569,-80.8222,Hospedaje Costa Bella
637,Gushikawa,JP,75.2,broken clouds,26.3544,127.8686,Kirari Guest House
638,Ambilobe,MG,72.66,few clouds,-13.2,49.05,H√¥tel & Restaurant DIANA Ambilobe
645,Benguela,AO,75.02,clear sky,-12.5763,13.4055,Hotel Praia Morena
647,Aksu,CN,71.91,clear sky,41.1231,80.2644,Pudong Holiday Hotel
648,Daru,PG,80.91,broken clouds,-9.0763,143.2092,Daru Lodge
650,Cassia,BR,71.42,overcast clouds,-20.5831,-46.9219,Hotel e Restaurante √Çncora
651,Vila Do Maio,CV,74.19,scattered clouds,15.1333,-23.2167,Hotel Marilu
652,Mahajanga,MG,80.62,few clouds,-15.7167,46.3167,Restaurant Greedy Coco Lodge Majunga
653,La Romana,DO,84.56,few clouds,18.4273,-68.9728,Casa de Campo Resort and Villas
654,Trincomalee,LK,83.66,light rain,8.5711,81.2335,Welcombe Hotel
655,Gilgit,PK,71.28,clear sky,35.9221,74.3087,Tourist Hamlet Gilgit
656,Fasa,IR,67.24,clear sky,28.9383,53.6482,Fasa University Boys' Dormitory
657,Pishva,IR,65.1,clear sky,35.308,51.7267,ÿ¥Ÿáÿ±⁄© ÿÆŸàÿ±ÿ¥€åÿØ Ÿáÿ¥ÿ™ŸÖ
658,Oranjestad,AW,85.95,scattered clouds,12.524,-70.027,Divi Village Golf & Beach Resort
660,Trairi,BR,77.7,overcast clouds,-3.2778,-39.2689,janelas do mar
661,Najran,SA,83.05,clear sky,17.4924,44.1277,ŸÖÿ≠ŸÖÿØ ŸáÿßÿØŸä ÿßŸÑ ŸÅÿ∑Ÿäÿ≠
663,Tucuman,AR,69.8,scattered clouds,-26.8241,-65.2226,Dallas Hotel Tucuman
664,Ampanihy,MG,71.26,scattered clouds,-24.7,44.75,Angora Hotel
668,San Cristobal,VE,80.78,overcast clouds,7.7669,-72.225,Pirineos
671,Kavieng,PG,84.38,overcast clouds,-2.5744,150.7967,Nusa Island Retreat
672,Upleta,IN,82.49,clear sky,21.7333,70.2833,Salman odiya homes
675,Marsa Matruh,EG,68.2,clear sky,31.3525,27.2453,Beau Site
676,Pringsewu,ID,75.33,overcast clouds,-5.3582,104.9744,Urban Style by Front One
678,Lorengau,PG,83.71,broken clouds,-2.0226,147.2712,Lorengau Harbourside Hotel
680,Calabozo,VE,89.19,overcast clouds,8.9242,-67.4293,Hotel Giardini
681,Malanville,BJ,91.11,light rain,11.8685,3.3899,Hotel Sejour du Sahel
682,Calabar,NG,77.22,overcast clouds,4.9517,8.322,NAKS Hotels (Formerly NAF Club)
686,Sakakah,SA,71.17,broken clouds,29.9697,40.2064,Fakhamat Al Orjoana Apartment
